rank,name,position,pos_rank,team,age,proj_points,proj_ppg,vorp,value,injury_status,games_total,seasons
1,Bijan Robinson,RB,1,ATL,24.0,376.1,25.94,194.4,91,,51,3
2,Jahmyr Gibbs,RB,2,DET,24.0,370.5,25.55,188.8,89,,49,3
3,Jonathan Taylor,RB,3,IND,27.0,340.0,23.45,158.3,78,,41,3
4,Puka Nacua,WR,1,LA,25.0,311.1,20.74,151.8,76,Questionable,44,3
5,De'Von Achane,RB,4,MIA,24.0,333.2,22.98,151.5,76,,44,3
6,Kyren Williams,RB,5,LA,25.0,329.6,22.73,147.9,74,,45,3
7,James Cook,RB,6,BUF,26.0,304.5,21.0,122.8,65,,50,3
8,Ja'Marr Chase,WR,2,CIN,26.0,278.2,18.55,118.9,63,,49,3
9,Jaxon Smith-Njigba,WR,3,SEA,24.0,273.3,18.22,114.0,61,,51,3
10,Josh Allen,QB,1,BUF,30.0,440.4,28.41,104.8,58,,49,3
11,Amon-Ra St. Brown,WR,4,DET,26.0,263.1,17.54,103.8,57,,50,3
12,Christian McCaffrey,RB,7,SF,30.0,284.8,19.64,103.1,57,Questionable,37,3
13,Trey McBride,TE,1,ARI,26.0,225.9,15.06,98.4,55,,50,3
14,Breece Hall,RB,8,NYJ,25.0,269.3,18.57,87.6,50,Questionable,49,3
15,Brock Bowers,TE,2,LV,23.0,212.2,14.15,84.7,49,,29,2
16,Bucky Irving,RB,9,TB,24.0,260.9,17.99,79.2,47,,27,2
17,Ashton Jeanty,RB,10,LV,22.0,258.8,17.85,77.1,46,Questionable,17,1
18,Chase Brown,RB,11,CIN,26.0,257.4,17.75,75.7,45,,45,3
19,Saquon Barkley,RB,12,PHI,29.0,253.5,17.48,71.8,44,,46,3
20,Quinshon Judkins,RB,13,CLE,22.0,255.1,17.59,73.4,44,Questionable,14,1
21,Josh Jacobs,RB,14,GB,28.0,255.3,17.61,73.6,44,Questionable,45,3
22,Drake London,WR,5,ATL,25.0,232.5,15.5,73.2,44,,45,3
23,George Pickens,WR,6,DAL,25.0,228.9,15.26,69.6,43,,48,3
24,Malik Nabers,WR,7,NYG,23.0,229.2,15.28,69.9,43,Questionable,19,2
25,CeeDee Lamb,WR,8,DAL,27.0,228.0,15.2,68.7,42,,45,3
26,Brock Purdy,QB,2,SF,26.0,398.5,25.71,62.9,40,,40,3
27,Omarion Hampton,RB,15,LAC,23.0,242.6,16.73,60.9,39,,9,1
28,Javonte Williams,RB,16,DAL,26.0,242.4,16.72,60.7,39,,49,3
29,Rashee Rice,WR,9,KC,26.0,221.2,14.75,61.9,39,,28,3
30,D'Andre Swift,RB,17,CHI,27.0,240.3,16.57,58.6,38,,49,3
31,Cam Skattebo,RB,18,NYG,24.0,239.1,16.49,57.4,37,,8,1
32,Jalen Hurts,QB,3,PHI,28.0,392.9,25.35,57.3,37,,48,3
33,Nico Collins,WR,10,HOU,27.0,216.0,14.4,56.7,37,,42,3
34,Bo Nix,QB,4,DEN,26.0,390.3,25.18,54.7,36,,34,2
35,Chris Olave,WR,11,NO,26.0,207.8,13.85,48.5,33,,40,3
36,Sam LaPorta,TE,3,DET,25.0,174.5,11.63,47.0,32,Questionable,42,3
37,Drake Maye,QB,5,NE,23.0,382.5,24.68,46.9,32,,30,2
38,Travis Etienne,RB,19,JAX,27.0,229.4,15.82,47.7,32,,49,3
39,TreVeyon Henderson,RB,20,NE,23.0,229.2,15.81,47.5,32,Questionable,17,1
40,George Kittle,TE,4,SF,32.0,171.9,11.46,44.4,31,Questionable,42,3
41,Zay Flowers,WR,12,BAL,25.0,202.8,13.52,43.5,30,,50,3
42,J.K. Dobbins,RB,21,DEN,27.0,223.9,15.44,42.2,30,,24,3
43,Brian Thomas Jr.,WR,13,JAX,23.0,200.9,13.39,41.6,29,,31,2
44,Tee Higgins,WR,14,CIN,27.0,200.1,13.34,40.8,29,,39,3
45,Tucker Kraft,TE,5,GB,25.0,168.0,11.2,40.5,29,Questionable,39,3
46,Lamar Jackson,QB,6,BAL,29.0,373.9,24.12,38.3,28,,46,3
47,Jameson Williams,WR,15,DET,25.0,197.8,13.19,38.5,28,,44,3
48,Derrick Henry,RB,22,BAL,32.0,221.0,15.24,39.3,28,,51,3
49,A.J. Brown,WR,16,PHI,29.0,195.4,13.03,36.1,26,,45,3
50,Kenneth Walker III,RB,23,SEA,27.0,217.2,14.98,35.5,26,,43,3
51,Justin Jefferson,WR,17,MIN,27.0,192.9,12.86,33.6,25,,44,3
52,Zach Charbonnet,RB,24,SEA,25.0,215.5,14.86,33.8,25,PUP,49,3
53,Patrick Mahomes,QB,7,KC,30.0,367.2,23.69,31.6,24,Questionable,46,3
54,Garrett Wilson,WR,18,NYJ,26.0,191.2,12.75,31.9,24,,41,3
55,Jayden Daniels,QB,8,WAS,25.0,366.7,23.66,31.1,24,,24,2
56,Kyle Pitts,TE,6,ATL,25.0,157.5,10.5,30.0,23,,51,3
57,Ladd McConkey,WR,19,LAC,24.0,187.0,12.47,27.7,22,,32,2
58,Trevor Lawrence,QB,9,JAX,26.0,363.8,23.47,28.2,22,,43,3
59,Tetairoa McMillan,WR,20,CAR,23.0,188.0,12.53,28.7,22,,17,1
60,Jaylen Warren,RB,25,PIT,27.0,207.4,14.3,25.7,21,,48,3
61,Harold Fannin Jr.,TE,7,CLE,22.0,153.3,10.22,25.8,21,,16,1
62,Jordan Addison,WR,21,MIN,24.0,184.4,12.29,25.1,20,,46,3
63,Tyler Warren,TE,8,IND,24.0,152.1,10.14,24.6,20,Questionable,17,1
64,Tyreek Hill,WR,22,MIA,31.0,182.0,12.13,22.7,19,Questionable,37,3
65,Davante Adams,WR,23,LA,33.0,179.8,11.99,20.5,18,,45,3
66,Joe Burrow,QB,10,CIN,29.0,356.3,22.99,20.7,18,,35,3
67,Rico Dowdle,RB,26,CAR,28.0,201.3,13.88,19.6,17,,49,3
68,Quentin Johnston,WR,24,LAC,24.0,179.4,11.96,20.1,17,Questionable,45,3
69,Caleb Williams,QB,11,CHI,24.0,353.9,22.83,18.3,16,,34,2
70,RJ Harvey,RB,27,DEN,25.0,200.0,13.79,18.3,16,,17,1
71,Tyrone Tracy Jr.,RB,28,NYG,26.0,199.7,13.77,18.0,16,,32,2
72,Colston Loveland,TE,9,CHI,22.0,145.4,9.69,17.9,16,,16,1
73,DeVonta Smith,WR,25,PHI,27.0,176.5,11.77,17.2,16,,46,3
74,Chuba Hubbard,RB,29,CAR,27.0,197.5,13.62,15.8,15,Questionable,47,3
75,Wan'Dale Robinson,WR,26,NYG,25.0,173.8,11.59,14.5,14,,48,3
76,Marvin Harrison Jr.,WR,27,ARI,24.0,172.8,11.52,13.5,13,,29,2
77,Emeka Egbuka,WR,28,TB,23.0,173.0,11.53,13.7,13,Questionable,17,1
78,DK Metcalf,WR,29,PIT,28.0,170.1,11.34,10.8,11,Questionable,46,3
79,Rome Odunze,WR,30,CHI,24.0,170.2,11.35,10.9,11,,29,2
80,Courtland Sutton,WR,31,DEN,30.0,168.0,11.2,8.7,10,,49,3
81,Dallas Goedert,TE,10,PHI,31.0,137.2,9.15,9.7,10,,39,3
82,Woody Marks,RB,30,HOU,25.0,190.1,13.11,8.4,10,,16,1
83,Kyle Monangai,RB,31,CHI,24.0,191.4,13.2,9.7,10,Questionable,17,1
84,Dalton Kincaid,TE,11,BUF,26.0,137.0,9.13,9.5,10,,41,3
85,Jaylen Waddle,WR,32,MIA,27.0,167.8,11.19,8.5,10,,45,3
86,Terry McLaurin,WR,33,WAS,30.0,167.7,11.18,8.4,10,,44,3
87,Alec Pierce,WR,34,IND,26.0,167.2,11.15,7.9,9,PUP,48,3
88,Rhamondre Stevenson,RB,32,NE,28.0,189.1,13.04,7.4,9,,41,3
89,Jayden Reed,WR,35,GB,26.0,166.8,11.12,7.5,9,,38,3
90,James Conner,RB,33,ARI,31.0,187.8,12.95,6.1,8,Questionable,32,3
91,Tony Pollard,RB,34,TEN,29.0,186.6,12.87,4.9,7,,50,3
92,David Montgomery,RB,35,DET,29.0,185.6,12.8,3.9,6,,45,3
93,Michael Wilson,WR,36,ARI,26.0,162.8,10.85,3.5,5,,46,3
94,Jaxson Dart,QB,12,NYG,23.0,338.7,21.85,3.1,5,,14,1
95,Phil Mafah,RB,36,DAL,23.0,182.7,12.6,1.0,3,Questionable,1,1
96,Dak Prescott,QB,13,DAL,33.0,328.8,21.21,-6.8,1,,42,3
97,Zach Ertz,TE,12,WAS,35.0,104.6,6.97,-22.9,1,,37,3
98,Justin Herbert,QB,14,LAC,28.0,330.3,21.31,-5.3,1,,46,3
99,Jared Goff,QB,15,DET,31.0,332.2,21.43,-3.4,1,,51,3
100,Kyler Murray,QB,16,ARI,29.0,317.8,20.5,-17.8,1,,30,3
101,Mason Taylor,TE,13,NYJ,22.0,107.0,7.13,-20.5,1,,13,1
102,Chig Okonkwo,TE,14,TEN,26.0,103.5,6.9,-24.0,1,,50,3
103,Colby Parkinson,TE,15,LA,27.0,101.0,6.73,-26.5,1,,45,3
104,C.J. Stroud,QB,17,HOU,24.0,311.9,20.12,-23.7,1,,46,3
105,Oronde Gadsden II,TE,16,LAC,23.0,127.0,8.47,-0.5,1,,15,1
106,AJ Barner,TE,17,SEA,24.0,127.5,8.5,0.0,1,,32,2
107,Travis Kelce,TE,18,KC,36.0,123.9,8.26,-3.6,1,,48,3
108,Hunter Henry,TE,19,NE,31.0,125.8,8.39,-1.7,1,,46,3
109,Mark Andrews,TE,20,BAL,30.0,123.0,8.2,-4.5,1,,44,3
110,Brenton Strange,TE,21,JAX,25.0,122.4,8.16,-5.1,1,,33,3
111,David Njoku,TE,22,CLE,30.0,118.6,7.91,-8.9,1,,38,3
112,Juwan Johnson,TE,23,NO,29.0,122.2,8.15,-5.3,1,,45,3
113,Cade Otton,TE,24,TB,27.0,114.4,7.63,-13.1,1,Questionable,46,3
114,Pat Freiermuth,TE,25,PIT,27.0,114.3,7.62,-13.2,1,,43,3
115,Theo Johnson,TE,26,NYG,25.0,118.5,7.9,-9.0,1,Questionable,26,2
116,Dalton Schultz,TE,27,HOU,30.0,116.6,7.77,-10.9,1,,49,3
117,T.J. Hockenson,TE,28,MIN,29.0,111.0,7.4,-16.5,1,,40,3
118,Baker Mayfield,QB,18,TB,31.0,321.9,20.77,-13.7,1,,51,3
119,Jake Tonges,TE,29,SF,27.0,108.4,7.23,-19.1,1,,12,2
120,Darren Waller,TE,30,MIA,33.0,109.6,7.31,-17.9,1,,21,2
121,Jake Ferguson,TE,31,DAL,27.0,127.6,8.51,0.1,1,,48,3
122,Kayshon Boutte,WR,37,NE,24.0,141.0,9.4,-18.3,1,,32,3
123,Tre Tucker,WR,38,LV,25.0,137.8,9.19,-21.5,1,,47,3
124,Tory Horton,WR,39,SEA,23.0,135.6,9.04,-23.7,1,Questionable,8,1
125,Jalen Coker,WR,40,CAR,24.0,136.4,9.09,-22.9,1,,22,2
126,Ricky Pearsall,WR,41,SF,,133.2,8.88,-26.1,1,,20,2
127,Troy Franklin,WR,42,DEN,23.0,143.6,9.57,-15.7,1,,33,2
128,Rashid Shaheed,WR,43,SEA,27.0,134.8,8.99,-24.5,1,,39,3
129,Deebo Samuel Sr.,WR,44,WAS,30.0,150.9,10.06,-8.4,1,,46,3
130,Kareem Hunt,RB,37,KC,30.0,155.7,10.74,-26.0,1,,45,3
131,Lew Nichols III,RB,38,PIT,25.0,156.0,10.76,-25.7,1,,1,1
132,Bhayshul Tuten,RB,39,JAX,23.0,154.4,10.65,-27.3,1,,15,1
133,Romeo Doubs,WR,45,GB,26.0,155.2,10.35,-4.1,1,,46,3
134,Michael Pittman,WR,46,IND,28.0,156.0,10.4,-3.3,1,Questionable,49,3
135,Jerry Jeudy,WR,47,CLE,27.0,134.7,8.98,-24.6,1,,50,3
136,Luther Burden III,WR,48,CHI,22.0,145.4,9.69,-13.9,1,Questionable,15,1
137,Jacory Croskey-Merritt,RB,40,WAS,25.0,181.7,12.53,0.0,1,Questionable,17,1
138,Chris Godwin Jr.,WR,49,TB,30.0,150.4,10.03,-8.9,1,,33,3
139,Stefon Diggs,WR,50,NE,32.0,151.6,10.11,-7.7,1,,42,3
140,Khalil Shakir,WR,51,BUF,26.0,145.8,9.72,-13.5,1,Questionable,47,3
141,Josh Downs,WR,52,IND,25.0,148.0,9.87,-11.3,1,,47,3
142,Jauan Jennings,WR,53,SF,29.0,148.2,9.88,-11.1,1,,43,3
143,Jalen McMillan,WR,54,TB,24.0,146.8,9.79,-12.5,1,Questionable,17,2
144,Keon Coleman,WR,55,BUF,23.0,146.8,9.79,-12.5,1,Questionable,25,2
145,Ulysses Bentley IV,RB,41,IND,,156.2,10.77,-25.5,1,,1,1
146,Parker Washington,WR,56,JAX,24.0,157.0,10.47,-2.3,1,,38,3
147,Christian Watson,WR,57,GB,27.0,157.5,10.5,-1.8,1,,33,3
148,Jakobi Meyers,WR,58,JAX,29.0,157.8,10.52,-1.5,1,Questionable,47,3
149,Mike Evans,WR,59,TB,33.0,157.8,10.52,-1.5,1,Questionable,39,3
150,Xavier Worthy,WR,60,KC,23.0,158.7,10.58,-0.6,1,Questionable,30,2
151,Chris Rodriguez Jr.,RB,42,WAS,26.0,158.8,10.95,-22.9,1,,28,3
152,Tyler Allgeier,RB,43,ATL,26.0,159.2,10.98,-22.5,1,,51,3
153,Najee Harris,RB,44,LAC,28.0,177.5,12.24,-4.2,1,,37,3
154,Isiah Pacheco,RB,45,KC,27.0,160.8,11.09,-20.9,1,Questionable,34,3
155,DJ Moore,WR,61,CHI,29.0,159.3,10.62,0.0,1,,51,3
156,Devin Neal,RB,46,NO,23.0,160.5,11.07,-21.2,1,Questionable,9,1
157,Tyjae Spears,RB,47,TEN,25.0,160.8,11.09,-20.9,1,,42,3
158,Jacardia Wright,RB,48,SEA,25.0,160.8,11.09,-20.9,1,,1,1
159,Kendall Milton,RB,49,CIN,24.0,161.2,11.12,-20.5,1,,1,1
160,Jaydon Blue,RB,50,DAL,22.0,162.5,11.21,-19.2,1,,5,1
161,Amar Johnson,RB,51,LAC,23.0,166.6,11.49,-15.1,1,,1,1
162,Kimani Vidal,RB,52,LAC,24.0,180.5,12.45,-1.2,1,,22,2
163,Bam Knight,RB,53,ARI,,161.7,11.15,-20.0,1,,14,2
164,Rachaad White,RB,54,TB,27.0,181.4,12.51,-0.3,1,Questionable,49,3
165,Jordan Mason,RB,55,MIN,27.0,162.0,11.17,-19.7,1,,44,3
166,Alvin Kamara,RB,56,NO,31.0,162.1,11.18,-19.6,1,Questionable,38,3
167,Raheim Sanders,RB,57,CLE,24.0,162.1,11.18,-19.6,1,,4,1
168,Jordan Love,QB,19,GB,27.0,335.6,21.65,0.0,1,,47,3
169,DeAndre Carter,WR,62,CLE,32.0,28.6,1.91,-130.7,0,,34,3
170,Andrew Ogletree,TE,32,IND,,40.2,2.68,-87.3,0,,34,3
171,Britain Covey,WR,63,PHI,29.0,39.6,2.64,-119.7,0,Questionable,26,3
172,Josiah Deguara,TE,33,ARI,29.0,39.4,2.63,-88.1,0,,23,3
173,Kylen Granson,TE,34,PHI,28.0,38.8,2.59,-88.7,0,,43,3
174,Ko Kieft,TE,35,TB,28.0,38.8,2.59,-88.7,0,,15,3
175,Ben Skowronek,WR,64,PIT,29.0,38.4,2.56,-120.9,0,,38,3
176,Eric Saubert,TE,36,SEA,32.0,37.5,2.5,-90.0,0,,24,3
177,Jamal Agnew,WR,65,ATL,30.0,37.1,2.47,-122.2,0,Questionable,22,2
178,Charlie Jones,WR,66,CIN,27.0,36.8,2.45,-122.5,0,,32,3
179,Brayden Willis,TE,37,SF,26.0,44.4,2.96,-83.1,0,,12,3
180,Trent Sherfield,WR,67,ARI,30.0,45.2,3.01,-114.1,0,,28,3
181,Ross Dwelley,TE,38,DET,30.0,45.3,3.02,-82.2,0,,10,3
182,Mo Alie-Cox,TE,39,IND,32.0,45.6,3.04,-81.9,0,,37,3
183,Quintin Morris,TE,40,JAX,27.0,46.2,3.08,-81.3,0,,23,3
184,Myles Price,WR,68,MIN,24.0,46.5,3.1,-112.8,0,,16,1
185,Steven Sims,WR,69,ARI,28.0,46.8,3.12,-112.5,0,,15,3
186,Alex Bachman,WR,70,LV,30.0,46.8,3.12,-112.5,0,,16,2
187,Payne Durham,TE,41,TB,26.0,46.9,3.13,-80.6,0,,22,3
188,DeeJay Dallas,RB,58,JAX,27.0,47.1,3.25,-134.6,0,,38,3
189,Austin Trammell,WR,71,JAX,28.0,47.1,3.14,-112.2,0,,22,3
190,Drew Sample,TE,42,CIN,30.0,47.4,3.16,-80.1,0,,37,3
191,Deven Thompkins,WR,72,ATL,26.0,47.4,3.16,-111.9,0,,29,3
192,Ian Thomas,TE,43,LV,30.0,47.7,3.18,-79.8,0,,20,3
193,Dee Eskridge,WR,73,MIA,28.0,48.0,3.2,-111.3,0,,20,3
194,Cameron Latu,TE,44,PHI,26.0,48.4,3.23,-79.1,0,,10,1
195,Nick Mullens,QB,20,JAX,31.0,148.2,9.56,-187.4,0,,13,3
196,DJ Giddens,RB,59,IND,22.0,149.5,10.31,-32.2,0,Questionable,5,1
197,Jawhar Jordan,RB,60,HOU,27.0,150.8,10.4,-30.9,0,Questionable,4,1
198,Aaron Jones,RB,61,MIN,31.0,151.2,10.43,-30.5,0,,40,3
199,Blake Corum,RB,62,LA,25.0,151.8,10.47,-29.9,0,,32,2
200,Kyle Allen,QB,21,DET,30.0,152.1,9.81,-183.5,0,,9,3
201,Audric Estimé,RB,63,NO,,152.2,10.5,-29.5,0,,18,2
202,Nate Carter,RB,64,ATL,,153.4,10.58,-28.3,0,,2,1
203,Andy Dalton,QB,22,CAR,38.0,154.1,9.94,-181.5,0,,12,3
204,Kenny Gainwell,RB,65,PIT,27.0,154.3,10.64,-27.4,0,,50,3
205,Trey Lance,QB,23,LAC,26.0,192.0,12.39,-143.6,0,,8,2
206,Mason Rudolph,QB,24,PIT,31.0,194.1,12.52,-141.5,0,,17,3
207,Philip Rivers,QB,25,IND,44.0,194.7,12.56,-140.9,0,,3,1
208,Jarrett Stidham,QB,26,DEN,30.0,199.3,12.86,-136.3,0,,5,3
209,Chris Oladokun,QB,27,KC,28.0,199.6,12.88,-136.0,0,,4,2
210,Joshua Dobbs,QB,28,NE,31.0,188.3,12.15,-147.3,0,,19,3
211,Aidan O'Connell,QB,29,LV,27.0,232.3,14.99,-103.3,0,,21,3
212,Kirk Cousins,QB,30,ATL,38.0,204.4,13.19,-131.2,0,,32,3
213,Brett Rypien,QB,31,CIN,30.0,207.9,13.41,-127.7,0,,3,2
214,Joe Flacco,QB,32,CIN,41.0,207.9,13.41,-127.7,0,,25,3
215,Dillon Gabriel,QB,33,CLE,25.0,209.1,13.49,-126.5,0,,10,1
216,Geno Smith,QB,34,LV,35.0,209.6,13.52,-126.0,0,,47,3
217,Brady Cook,QB,35,NYJ,24.0,213.0,13.74,-122.6,0,,5,1
218,Aaron Rodgers,QB,36,PIT,42.0,214.1,13.81,-121.5,0,,34,3
219,Jake Browning,QB,37,CIN,30.0,216.7,13.98,-118.9,0,,16,3
220,Russell Wilson,QB,38,NYG,37.0,219.0,14.13,-116.6,0,,32,3
221,Tyler Huntley,QB,39,BAL,28.0,221.0,14.26,-114.6,0,,15,3
222,Dylan Sampson,RB,66,CLE,21.0,146.4,10.1,-35.3,0,,15,1
223,Josh Williams,RB,67,TB,25.0,146.4,10.1,-35.3,0,,2,1
224,Corey Kiner,RB,68,ARI,24.0,146.7,10.12,-35.0,0,,4,1
225,Cooper Rush,QB,40,BAL,32.0,146.8,9.47,-188.8,0,,23,3
226,Zach Wilson,QB,41,MIA,27.0,147.1,9.49,-188.5,0,,16,2
227,Jaylen Wright,RB,69,MIA,23.0,132.8,9.16,-48.9,0,,22,2
228,Brittain Brown,RB,70,CHI,28.0,132.8,9.16,-48.9,0,,2,1
229,Tank Bigsby,RB,71,PHI,23.0,133.5,9.21,-48.2,0,,44,3
230,Michael Carter,RB,72,ARI,27.0,133.7,9.22,-48.0,0,,31,3
231,Braelon Allen,RB,73,NYJ,22.0,136.3,9.4,-45.4,0,,21,2
232,Jaret Patterson,RB,74,LAC,26.0,137.9,9.51,-43.8,0,,6,1
233,Kalel Mullings,RB,75,TEN,23.0,138.8,9.57,-42.9,0,Questionable,4,1
234,Austin Ekeler,RB,76,WAS,30.0,138.8,9.57,-42.9,0,,28,3
235,Brian Robinson,RB,77,SF,27.0,138.9,9.58,-42.8,0,,46,3
236,Kendre Miller,RB,78,NO,24.0,139.2,9.6,-42.5,0,,20,3
237,Trey Benson,RB,79,ARI,24.0,144.4,9.96,-37.3,0,Questionable,16,2
238,Davis Mills,QB,42,HOU,27.0,221.2,14.27,-114.4,0,,15,3
239,Cam Ward,QB,43,TEN,24.0,221.3,14.28,-114.3,0,,17,1
240,Carson Wentz,QB,44,MIN,33.0,226.3,14.6,-109.3,0,,8,3
241,Tanner McKee,QB,45,PHI,26.0,230.3,14.86,-105.3,0,,6,2
242,Jameis Winston,QB,46,NYG,32.0,230.6,14.88,-105.0,0,,20,3
243,Jacoby Brissett,QB,47,ARI,33.0,247.2,15.95,-88.4,0,,23,3
244,Kedon Slovis,QB,48,ARI,25.0,249.7,16.11,-85.9,0,,2,1
245,Shane Buechele,QB,49,KC,28.0,249.9,16.12,-85.7,0,,1,1
246,Riley Leonard,QB,50,IND,23.0,250.6,16.17,-85.0,0,,5,1
247,Spencer Rattler,QB,51,NO,25.0,250.8,16.18,-84.8,0,,16,2
248,Malik Willis,QB,52,GB,27.0,253.9,16.38,-81.7,0,,12,3
249,Keaton Mitchell,RB,80,BAL,24.0,127.6,8.8,-54.1,0,Questionable,24,3
250,Jerome Ford,RB,81,CLE,,127.9,8.82,-53.8,0,,44,3
251,Ollie Gordon II,RB,82,MIA,22.0,128.0,8.83,-53.7,0,Questionable,17,1
252,Theo Wease Jr.,WR,74,MIA,25.0,128.4,8.56,-30.9,0,,3,1
253,Terrell Jennings,RB,83,NE,,129.2,8.91,-52.5,0,,8,2
254,Calvin Ridley,WR,75,TEN,31.0,129.6,8.64,-29.7,0,,41,3
255,Keenan Allen,WR,76,LAC,34.0,129.8,8.65,-29.5,0,,45,3
256,Owen Wright,RB,84,TB,27.0,129.8,8.95,-51.9,0,,2,1
257,Kenny Pickett,QB,53,LV,28.0,131.4,8.48,-204.2,0,,23,3
258,Elic Ayomanor,WR,77,TEN,23.0,131.4,8.76,-27.9,0,,16,1
259,Malik Davis,RB,85,DAL,27.0,118.5,8.17,-63.2,0,,11,2
260,Marquise Brown,WR,78,KC,29.0,119.0,7.93,-40.3,0,,31,3
261,Elijah Mitchell,RB,86,KC,,119.8,8.26,-61.9,0,,12,2
262,Chimere Dike,WR,79,TEN,24.0,120.2,8.01,-39.1,0,,17,1
263,Jaleel McLaughlin,RB,87,DEN,25.0,121.7,8.39,-60.0,0,,41,3
264,Sean Tucker,RB,88,TB,24.0,123.7,8.53,-58.0,0,,37,3
265,Quentin Skinner,WR,80,NYJ,24.0,123.9,8.26,-35.4,0,,1,1
266,Clayton Tune,QB,54,GB,27.0,124.2,8.01,-211.4,0,,13,3
267,Emanuel Wilson,RB,89,GB,27.0,124.4,8.58,-57.3,0,Questionable,39,3
268,Robbie Ouzts,RB,90,SEA,,126.7,8.74,-55.0,0,,4,1
269,Nyheim Hines,RB,91,NO,,126.7,8.74,-55.0,0,,4,1
270,Devin Singletary,RB,92,NYG,28.0,127.3,8.78,-54.4,0,,49,3
271,Joe Milton III,QB,55,DAL,26.0,233.4,15.06,-102.2,0,,5,2
272,Jalen Milroe,QB,56,SEA,23.0,237.8,15.34,-97.8,0,,3,1
273,Shedeur Sanders,QB,57,CLE,24.0,241.6,15.59,-94.0,0,,8,1
274,Marcus Mariota,QB,58,WAS,32.0,246.8,15.92,-88.8,0,Questionable,15,3
275,Dominic Lovett,WR,81,DET,23.0,113.0,7.53,-46.3,0,,2,1
276,Ray Davis,RB,93,BUF,26.0,113.8,7.85,-67.9,0,,34,2
277,Jayden Higgins,WR,82,HOU,,114.0,7.6,-45.3,0,,17,1
278,Jordan Watkins,WR,83,SF,24.0,114.0,7.6,-45.3,0,,2,1
279,Cam Akers,RB,94,SEA,26.0,114.0,7.86,-67.7,0,,27,3
280,Tez Johnson,WR,84,TB,24.0,114.4,7.63,-44.9,0,Questionable,15,1
281,Jalen Royals,WR,85,KC,23.0,114.8,7.65,-44.5,0,,2,1
282,Jakobie Keeney-James,WR,86,GB,25.0,115.5,7.7,-43.8,0,,1,1
283,DeMario Douglas,WR,87,NE,25.0,116.6,7.77,-42.7,0,,46,3
284,Evan Hull,RB,95,NO,25.0,116.7,8.05,-65.0,0,,7,2
285,Antonio Gibson,RB,96,NE,27.0,116.9,8.06,-64.8,0,Questionable,38,3
286,Dalevon Campbell,WR,88,CAR,24.0,117.0,7.8,-42.3,0,,1,1
287,Jacoby Jones,WR,89,WAS,25.0,117.2,7.81,-42.1,0,,1,1
288,Jared Wayne,WR,90,HOU,25.0,117.2,7.81,-42.1,0,,1,1
289,Xavier Restrepo,WR,91,TEN,24.0,118.2,7.88,-41.1,0,,2,1
290,Pat Bryant,WR,92,DEN,23.0,118.4,7.89,-40.9,0,,13,1
291,Mac Jones,QB,59,SF,27.0,255.9,16.51,-79.7,0,,32,3
292,Tua Tagovailoa,QB,60,MIA,28.0,260.1,16.78,-75.5,0,,42,3
293,Quinn Ewers,QB,61,MIA,23.0,260.4,16.8,-75.2,0,,4,1
294,J.J. McCarthy,QB,62,MIN,23.0,261.2,16.85,-74.4,0,Questionable,10,1
295,Adrian Martinez,QB,63,SF,26.0,264.1,17.04,-71.5,0,,1,1
296,Bryce Young,QB,64,CAR,25.0,269.4,17.38,-66.2,0,,46,3
297,Michael Penix Jr.,QB,65,ATL,26.0,272.0,17.55,-63.6,0,Questionable,14,2
298,Sam Darnold,QB,66,SEA,29.0,274.0,17.68,-61.6,0,,44,3
299,Tyler Shough,QB,67,NO,26.0,275.7,17.79,-59.9,0,,11,1
300,Marvin Mims Jr.,WR,93,DEN,24.0,110.2,7.35,-49.1,0,,48,3
301,Brashard Smith,RB,97,KC,23.0,110.3,7.61,-71.4,0,,17,1
302,Darnell Mooney,WR,94,ATL,28.0,110.4,7.36,-48.9,0,,45,3
303,Xavier Legette,WR,95,CAR,25.0,110.6,7.37,-48.7,0,Questionable,30,2
304,Devaughn Vele,WR,96,NO,28.0,111.6,7.44,-47.7,0,,22,2
305,Matthew Golden,WR,97,GB,23.0,111.8,7.45,-47.5,0,,14,1
306,Miles Sanders,RB,98,DAL,28.0,112.2,7.74,-69.5,0,,31,3
307,Justin Fields,QB,68,NYJ,27.0,289.5,18.68,-46.1,0,,32,3
308,Matthew Stafford,QB,69,LA,38.0,303.0,19.55,-32.6,0,,48,3
309,Daniel Jones,QB,70,IND,29.0,303.8,19.6,-31.8,0,,29,3
310,Clyde Edwards-Helaire,RB,99,KC,26.0,106.3,7.33,-75.4,0,,19,3
311,Isaiah Davis,RB,100,NYJ,24.0,106.3,7.33,-75.4,0,Questionable,29,2
312,Tahj Washington,WR,98,MIA,25.0,106.6,7.11,-52.7,0,,2,1
313,Rashod Bateman,WR,99,BAL,26.0,107.1,7.14,-52.2,0,,44,3
314,Kaleb Johnson,RB,101,PIT,23.0,107.3,7.4,-74.4,0,,10,1
315,Dontayvion Wicks,WR,100,GB,25.0,107.4,7.16,-51.9,0,,45,3
316,Jeshaun Jones,WR,101,MIN,26.0,107.7,7.18,-51.6,0,,1,1
317,Cooper Kupp,WR,102,SEA,33.0,108.2,7.21,-51.1,0,,40,3
318,Nick Chubb,RB,102,HOU,30.0,108.5,7.48,-73.2,0,,25,3
319,Justice Hill,RB,103,BAL,28.0,108.8,7.5,-72.9,0,,41,3
320,Ryan Flournoy,WR,103,DAL,26.0,109.5,7.3,-49.8,0,,24,2
321,Jahdae Walker,WR,104,CHI,24.0,109.8,7.32,-49.5,0,,6,1
322,Isaac TeSlaa,WR,105,DET,24.0,109.8,7.32,-49.5,0,,14,1
323,British Brooks,RB,104,HOU,26.0,99.9,6.89,-81.8,0,Questionable,10,2
324,Jalen Nailor,WR,106,MIN,27.0,100.0,6.67,-59.3,0,,35,3
325,Roschon Johnson,RB,105,CHI,25.0,100.6,6.94,-81.1,0,,34,3
326,Tyquan Thornton,WR,107,KC,26.0,101.0,6.73,-58.3,0,,25,3
327,Darius Cooper,WR,108,PHI,24.0,101.7,6.78,-57.6,0,,6,1
328,Myles Gaskin,RB,106,SEA,28.0,101.8,7.02,-79.9,0,,5,2
329,Andrei Iosivas,WR,109,CIN,26.0,102.8,6.85,-56.5,0,,43,3
330,Malik Washington,WR,110,MIA,25.0,103.2,6.88,-56.1,0,,31,2
331,Jalen Moreno-Cropper,WR,111,DAL,25.0,103.2,6.88,-56.1,0,,2,1
332,Beaux Collins,WR,112,NYG,23.0,103.5,6.9,-55.8,0,,4,1
333,Shedrick Jackson,WR,113,LV,26.0,103.5,6.9,-55.8,0,,5,2
334,Darius Slayton,WR,114,NYG,29.0,104.0,6.93,-55.3,0,,47,3
335,Gabe Davis,WR,115,BUF,26.0,104.2,6.95,-55.1,0,Questionable,32,3
336,Coleman Owen,WR,116,IND,25.0,104.4,6.96,-54.9,0,,2,1
337,Zavier Scott,RB,107,MIN,27.0,105.6,7.28,-76.1,0,,11,1
338,Anthony Richardson,QB,71,IND,24.0,276.8,17.86,-58.8,0,,17,3
339,Jaylin Noel,WR,117,HOU,23.0,96.0,6.4,-63.3,0,Questionable,17,1
340,George Holani,RB,108,SEA,26.0,96.1,6.63,-85.6,0,,13,2
341,Cedric Tillman,WR,118,CLE,26.0,96.4,6.43,-62.9,0,Questionable,32,3
342,LeQuint Allen Jr.,RB,109,JAX,22.0,96.4,6.65,-85.3,0,Questionable,16,1
343,Emari Demercado,RB,110,ARI,27.0,97.0,6.69,-84.7,0,,36,3
344,Tutu Atwell,WR,119,LA,26.0,97.4,6.49,-61.9,0,,37,3
345,Dalen Cambre,WR,120,NYG,25.0,97.4,6.49,-61.9,0,,3,1
346,Isaiah Bond,WR,121,CLE,22.0,97.5,6.5,-61.8,0,,15,1
347,Jimmy Horn Jr.,WR,122,CAR,23.0,97.8,6.52,-61.5,0,,10,1
348,Kevin Austin Jr.,WR,123,NO,26.0,98.0,6.53,-61.3,0,,13,2
349,Jonnu Smith,TE,45,PIT,30.0,98.1,6.54,-29.4,0,,51,3
350,Ty Johnson,RB,111,BUF,28.0,98.2,6.77,-83.5,0,Questionable,43,3
351,Roman Wilson,WR,124,PIT,25.0,98.2,6.55,-61.1,0,,9,1
352,Christian Kirk,WR,125,HOU,29.0,98.6,6.57,-60.7,0,Questionable,31,3
353,Tay Martin,WR,126,WAS,28.0,98.7,6.58,-60.6,0,,3,2
354,Devontez Walker,WR,127,BAL,25.0,99.0,6.6,-60.3,0,,11,2
355,Tahj Brooks,RB,112,CIN,24.0,92.8,6.4,-88.9,0,,12,1
356,Gunnar Helm,TE,46,TEN,23.0,93.8,6.25,-33.7,0,,16,1
357,Adonai Mitchell,WR,128,NYJ,23.0,93.8,6.25,-65.5,0,,33,2
358,Noah Brown,WR,129,WAS,30.0,94.0,6.27,-65.3,0,,25,3
359,Jordan Mims,RB,113,TEN,27.0,94.5,6.52,-87.2,0,,11,3
360,Evan Engram,TE,47,DEN,31.0,94.6,6.31,-32.9,0,,42,3
361,Taysom Hill,TE,48,NO,35.0,95.0,6.33,-32.5,0,,37,3
362,Josh Palmer,WR,130,BUF,,95.2,6.35,-64.1,0,,37,3
363,Cole Kmet,TE,49,CHI,27.0,95.2,6.35,-32.3,0,,48,3
364,Kyle Williams,WR,131,NE,23.0,95.4,6.36,-63.9,0,,14,1
365,Casey Washington,WR,132,ATL,25.0,95.4,6.36,-63.9,0,,7,2
366,Malik Cunningham,WR,133,DET,27.0,95.4,6.36,-63.9,0,,2,2
367,Isaiah Likely,TE,50,BAL,26.0,95.6,6.37,-31.9,0,,41,3
368,AJ Dillon,RB,114,PHI,28.0,95.7,6.6,-86.0,0,,21,2
369,Kaden Davis,WR,134,CLE,27.0,95.7,6.38,-63.6,0,,2,2
370,Tre Harris,WR,135,LAC,24.0,95.8,6.39,-63.5,0,Questionable,16,1
371,Trey Sermon,RB,115,PIT,,90.5,6.24,-91.2,0,,26,3
372,Efton Chism III,WR,136,NE,24.0,90.8,6.05,-68.5,0,,8,1
373,Luke McCaffrey,WR,137,WAS,25.0,90.8,6.05,-68.5,0,,22,2
374,Jalen Tolbert,WR,138,DAL,27.0,90.8,6.05,-68.5,0,,43,3
375,Mitchell Tinsley,WR,139,CIN,,91.1,6.07,-68.2,0,,8,1
376,Tyrell Shavers,WR,140,BUF,27.0,91.4,6.09,-67.9,0,PUP,12,2
377,Terrance Ferguson,TE,51,LA,23.0,91.8,6.12,-35.7,0,,11,1
378,Kendrick Bourne,WR,141,SF,31.0,91.8,6.12,-67.5,0,,34,3
379,Elijah Moore,WR,142,BUF,26.0,92.2,6.15,-67.1,0,,42,3
380,Dameon Pierce,RB,116,KC,26.0,92.4,6.37,-89.3,0,,29,3
381,Gary Brightwell,RB,117,CIN,28.0,92.4,6.37,-89.3,0,,7,3
382,Konata Mumpfield,WR,143,LA,23.0,92.4,6.16,-66.9,0,,10,1
383,Moliki Matavao,TE,52,NO,23.0,92.4,6.16,-35.1,0,Questionable,1,1
384,Isaac Guerendo,RB,118,SF,26.0,92.5,6.38,-89.2,0,PUP,23,2
385,Calvin Austin III,WR,144,PIT,27.0,92.6,6.17,-66.7,0,,47,3
386,Zamir White,RB,119,LV,26.0,92.7,6.39,-89.0,0,,26,3
387,Malik Turner,WR,145,SF,30.0,87.1,5.81,-72.2,0,,2,1
388,Olamide Zaccheaus,WR,146,CHI,29.0,87.1,5.81,-72.2,0,,41,3
389,Khalil Herbert,RB,120,NYJ,28.0,87.3,6.02,-94.4,0,,28,3
390,Trevor Etienne,RB,121,CAR,22.0,87.4,6.03,-94.3,0,,17,1
391,Michael Bandy,WR,147,DEN,28.0,87.9,5.86,-71.4,0,,5,2
392,Tyler Higbee,TE,53,LA,33.0,88.4,5.89,-39.1,0,,28,3
393,Jack Bech,WR,148,LV,23.0,88.5,5.9,-70.8,0,,14,1
394,Jakob Johnson,RB,122,HOU,,88.7,6.12,-93.0,0,,11,3
395,Chris Blair,WR,149,ATL,28.0,88.8,5.92,-70.5,0,,3,2
396,Greg Dulcich,TE,54,MIA,26.0,88.9,5.93,-38.6,0,,15,3
397,Drake Dabney,TE,55,GB,24.0,89.2,5.95,-38.3,0,,1,1
398,Samaje Perine,RB,123,CIN,30.0,89.3,6.16,-92.4,0,,49,3
399,Mack Hollins,WR,150,NE,32.0,89.6,5.97,-69.7,0,,43,3
400,Thomas Fidone II,TE,56,NYG,23.0,89.7,5.98,-37.8,0,,1,1
401,Mike Gesicki,TE,57,CIN,30.0,89.7,5.98,-37.8,0,,43,3
402,Jacob Saylors,RB,124,DET,25.0,90.2,6.22,-91.5,0,,11,1
403,Tyler Johnson,WR,151,NYJ,28.0,81.9,5.46,-77.4,0,,21,3
404,DeAndre Hopkins,WR,152,BAL,33.0,82.0,5.47,-77.3,0,,50,3
405,Tyler Badie,RB,125,DEN,26.0,82.2,5.67,-99.5,0,,19,2
406,Demarcus Robinson,WR,153,SF,31.0,82.4,5.49,-76.9,0,,39,3
407,Greg Dortch,WR,154,ARI,28.0,82.6,5.51,-76.7,0,,45,3
408,Michael Mayer,TE,58,LV,25.0,82.8,5.52,-44.7,0,,37,3
409,Malachi Corley,WR,155,CLE,24.0,83.0,5.53,-76.3,0,,17,2
410,Dawson Knox,TE,59,BUF,29.0,83.4,5.56,-44.1,0,,40,3
411,Albert Okwuegbunam,TE,60,LV,28.0,84.2,5.61,-43.3,0,,2,2
412,John Metchie III,WR,156,NYJ,26.0,84.3,5.62,-75.0,0,,37,3
413,Hayden Rucci,TE,61,MIA,25.0,85.0,5.67,-42.5,0,,1,1
414,Jaylin Lane,WR,157,WAS,24.0,85.2,5.68,-74.1,0,,15,1
415,Keleki Latu,TE,62,BUF,24.0,85.4,5.69,-42.1,0,,3,1
416,KaVontae Turpin,WR,158,DAL,30.0,85.8,5.72,-73.5,0,,48,3
417,Dylan Drummond,WR,159,ATL,26.0,85.8,5.72,-73.5,0,,6,1
418,Dont'e Thornton Jr.,WR,160,LV,23.0,87.0,5.8,-72.3,0,Questionable,11,1
419,Hassan Haskins,RB,126,LAC,26.0,78.3,5.4,-103.4,0,,23,2
420,Brandin Cooks,WR,161,BUF,32.0,78.4,5.23,-80.9,0,,39,3
421,Isaiah Hodgins,WR,162,NYG,27.0,78.6,5.24,-80.7,0,,22,3
422,Curtis Samuel,WR,163,BUF,29.0,78.6,5.24,-80.7,0,,36,3
423,Travis Vokolek,TE,63,ARI,27.0,79.0,5.27,-48.5,0,,1,1
424,Ja'Tavion Sanders,TE,64,CAR,23.0,79.2,5.28,-48.3,0,,27,2
425,Ray-Ray McCloud,WR,164,NYG,29.0,79.5,5.3,-79.8,0,,35,3
426,Hunter Renfrow,WR,165,CAR,30.0,79.6,5.31,-79.7,0,,20,2
427,Savion Williams,WR,166,GB,24.0,80.1,5.34,-79.2,0,,12,1
428,Josh Reynolds,WR,167,NYJ,31.0,80.2,5.35,-79.1,0,,29,3
429,Ty Chandler,RB,127,MIN,28.0,80.5,5.55,-101.2,0,Questionable,33,3
430,Jackson Hawes,TE,65,BUF,25.0,80.8,5.39,-46.7,0,,13,1
431,Allen Lazard,WR,168,NYJ,30.0,81.2,5.41,-78.1,0,,35,3
432,Noah Fant,TE,66,CIN,28.0,81.3,5.42,-46.2,0,,42,3
433,KeAndre Lambert-Smith,WR,169,LAC,24.0,81.4,5.43,-77.9,0,,10,1
434,Xavier Hutchinson,WR,170,HOU,26.0,81.8,5.45,-77.5,0,,42,3
435,Andre Baccellia,WR,171,ARI,29.0,75.9,5.06,-83.4,0,Questionable,5,2
436,Chris Brooks,RB,128,GB,26.0,76.1,5.25,-105.6,0,,31,3
437,Tyler Conklin,TE,67,LAC,31.0,76.6,5.11,-50.9,0,,39,3
438,Jared Wiley,TE,68,KC,25.0,76.6,5.11,-50.9,0,,3,2
439,Raheem Mostert,RB,129,LV,33.0,76.8,5.3,-104.9,0,Questionable,40,3
440,Dyami Brown,WR,172,JAX,26.0,77.0,5.13,-82.3,0,,42,3
441,Mitchell Evans,TE,69,CAR,23.0,77.1,5.14,-50.4,0,,14,1
442,Lil'Jordan Humphrey,WR,173,DEN,28.0,77.1,5.14,-82.2,0,,32,3
443,Zay Jones,WR,174,ARI,31.0,77.2,5.15,-82.1,0,,21,3
444,David Sills,WR,175,ATL,30.0,77.4,5.16,-81.9,0,,12,1
445,Rasheen Ali,RB,130,BAL,25.0,77.6,5.35,-104.1,0,,20,2
446,Jeremy McNichols,RB,131,WAS,30.0,77.7,5.36,-104.0,0,Questionable,33,3
447,Cody White,WR,176,SEA,27.0,77.9,5.19,-81.4,0,,10,2
448,Ronnie Rivers,RB,132,LA,27.0,78.0,5.38,-103.7,0,,21,3
449,Adam Thielen,WR,177,PIT,35.0,78.0,5.2,-81.3,0,NA,41,3
450,Darnell Washington,TE,70,PIT,25.0,78.2,5.21,-49.3,0,,34,3
451,Sione Vaki,RB,133,DET,25.0,73.1,5.04,-108.6,0,Questionable,17,2
452,Tyler Lockett,WR,178,LV,33.0,73.4,4.89,-85.9,0,,51,3
453,Xavier Weaver,WR,179,ARI,,73.4,4.89,-85.9,0,,9,2
454,Malik Heath,WR,180,GB,25.0,73.5,4.9,-85.8,0,,24,3
455,Mason Tipton,WR,181,NO,25.0,73.5,4.9,-85.8,0,PUP,17,2
456,Treylon Burks,WR,182,WAS,26.0,73.6,4.91,-85.7,0,,22,3
457,Hunter Luepke,RB,134,DAL,,73.9,5.1,-107.8,0,,38,3
458,Bryce Oliver,WR,183,TEN,26.0,74.2,4.95,-85.1,0,,10,2
459,Jelani Woods,TE,71,NYJ,27.0,74.4,4.96,-53.1,0,,2,1
460,E.J. Jenkins,TE,72,PHI,27.0,74.4,4.96,-53.1,0,,3,2
461,Nick Westbrook-Ikhine,WR,184,MIA,29.0,74.6,4.97,-84.7,0,,40,3
462,Carter Runyon,TE,73,LV,25.0,74.7,4.98,-52.8,0,,3,1
463,Sterling Shepard,WR,185,TB,33.0,75.1,5.01,-84.2,0,,36,3
464,Jason Brownlee,WR,186,KC,27.0,75.1,5.01,-84.2,0,,7,2
465,James Mitchell,TE,74,CAR,27.0,75.1,5.01,-52.4,0,,4,2
466,Devin Culp,TE,75,TB,26.0,75.1,5.01,-52.4,0,,6,2
467,Samori Toure,WR,187,NO,28.0,70.5,4.7,-88.8,0,,9,2
468,Nikola Kalinic,TE,76,CHI,,70.5,4.7,-57.0,0,,2,1
469,Princeton Fant,TE,77,DAL,,70.5,4.7,-57.0,0,,2,2
470,Daniel Bellinger,TE,78,NYG,25.0,71.0,4.73,-56.5,0,,39,3
471,Tim Patrick,WR,188,JAX,32.0,71.0,4.73,-88.3,0,,28,2
472,Arian Smith,WR,189,NYJ,24.0,71.2,4.75,-88.1,0,,13,1
473,Josh Oliver,TE,79,MIN,29.0,71.4,4.76,-56.1,0,,37,3
474,Will Shipley,RB,135,PHI,23.0,71.5,4.93,-110.2,0,,27,2
475,Jahan Dotson,WR,190,PHI,26.0,71.6,4.77,-87.7,0,,46,3
476,Sal Cannella,TE,80,CLE,29.0,71.7,4.78,-55.8,0,,2,1
477,Zaire Mitchell-Paden,TE,81,NO,27.0,72.0,4.8,-55.5,0,,3,1
478,JuJu Smith-Schuster,WR,191,KC,29.0,72.3,4.82,-87.0,0,Questionable,39,3
479,Ronnie Bell,WR,192,NO,26.0,72.4,4.83,-86.9,0,,19,3
480,Tommy Tremble,TE,82,CAR,26.0,72.4,4.83,-55.1,0,,40,3
481,Isaiah Williams,WR,193,NYJ,25.0,72.6,4.84,-86.7,0,,23,2
482,Shane Zylstra,TE,83,DET,29.0,73.0,4.87,-54.5,0,,3,2
483,Jordan Whittington,WR,194,LA,25.0,68.0,4.53,-91.3,0,,29,2
484,Kalif Raymond,WR,195,DET,32.0,68.1,4.54,-91.2,0,,44,3
485,Marquez Valdes-Scantling,WR,196,PIT,31.0,68.1,4.54,-91.2,0,,38,3
486,Noah Gray,TE,84,KC,27.0,68.2,4.55,-59.3,0,,46,3
487,Austin Hooper,TE,85,NE,31.0,68.2,4.55,-59.3,0,,46,3
488,Davis Allen,TE,86,LA,25.0,68.6,4.57,-58.9,0,Questionable,29,3
489,Tyler Goodson,RB,136,IND,25.0,69.0,4.76,-112.7,0,,30,3
490,Nick Kallerup,TE,87,SEA,25.0,69.2,4.61,-58.3,0,,4,1
491,Chase Edmonds,RB,137,WAS,29.0,69.3,4.78,-112.4,0,,16,2
492,Patrick Ricard,RB,138,BAL,,69.5,4.79,-112.2,0,,22,3
493,David Moore,WR,197,CAR,31.0,69.6,4.64,-89.7,0,,24,3
494,Elijah Arroyo,TE,88,SEA,23.0,69.8,4.65,-57.7,0,,13,1
495,Van Jefferson,WR,198,TEN,30.0,69.8,4.65,-89.5,0,,43,3
496,Robbie Chosen,WR,199,WAS,32.0,69.9,4.66,-89.4,0,,10,3
497,Tai Felton,WR,200,MIN,23.0,70.0,4.67,-89.3,0,,12,1
498,River Cracraft,WR,201,WAS,,70.4,4.69,-88.9,0,,13,3
499,Jack Westover,TE,89,NE,27.0,64.6,4.31,-62.9,0,,4,1
500,Teagan Quitoriano,TE,90,ATL,26.0,65.0,4.33,-62.5,0,,5,2
501,Jalen Brooks,WR,202,ARI,26.0,65.1,4.34,-94.2,0,,20,3
502,Gage Larvadain,WR,203,CLE,24.0,65.1,4.34,-94.2,0,,13,1
503,Scott Miller,WR,204,PIT,,65.4,4.36,-93.9,0,,22,3
504,Chris Moore,WR,205,WAS,33.0,65.7,4.38,-93.6,0,,25,2
505,Brock Wright,TE,91,DET,27.0,66.2,4.41,-61.3,0,,28,3
506,Anthony Firkser,TE,92,DET,,66.2,4.41,-61.3,0,,6,2
507,Will Dissly,TE,93,LAC,29.0,66.6,4.44,-60.9,0,Questionable,36,3
508,Ben Yurosek,TE,94,MIN,24.0,66.6,4.44,-60.9,0,,6,1
509,Ryan Miller,WR,206,TB,26.0,66.6,4.44,-92.7,0,,18,2
510,Luke Musgrave,TE,95,GB,25.0,66.8,4.45,-60.7,0,PUP,31,3
511,Tanner Hudson,TE,96,CIN,31.0,66.9,4.46,-60.6,0,,31,3
512,Ben Sinnott,TE,97,WAS,24.0,67.4,4.49,-60.1,0,Questionable,16,2
513,Justin Watson,WR,207,HOU,30.0,67.5,4.5,-91.8,0,,33,3
514,Jamari Thrash,WR,208,CLE,,68.0,4.53,-91.3,0,,14,2
515,Josh Whyle,TE,98,GB,26.0,61.4,4.09,-66.1,0,,30,3
516,Bo Melton,WR,209,GB,27.0,61.4,4.09,-97.9,0,,30,3
517,Cade Stover,TE,99,HOU,26.0,61.6,4.11,-65.9,0,,20,2
518,Justin Shorter,TE,100,LV,,61.6,4.11,-65.9,0,,4,2
519,Giovanni Ricci,TE,101,DET,,62.0,4.13,-65.5,0,,4,2
520,Brenden Bates,TE,102,CLE,,63.2,4.21,-64.3,0,,6,2
521,DJ Turner,WR,210,LV,29.0,63.6,4.24,-95.7,0,Questionable,20,3
522,Tom Kennedy,WR,211,DET,30.0,63.8,4.25,-95.5,0,,9,2
523,Foster Moreau,TE,103,NO,29.0,63.8,4.25,-63.7,0,,36,3
524,Ke'Shawn Williams,WR,212,CIN,24.0,64.0,4.27,-95.3,0,,11,1
525,Cedrick Wilson Jr.,WR,213,MIA,,64.0,4.27,-95.3,0,,30,3
526,Brycen Tremayne,WR,214,CAR,26.0,64.0,4.27,-95.3,0,,17,2
527,Kene Nwangwu,RB,139,NYJ,28.0,64.2,4.43,-117.5,0,,20,3
528,Cam Grandy,TE,104,CIN,26.0,64.2,4.28,-63.3,0,,6,2
529,Dante Pettis,WR,215,NO,30.0,64.5,4.3,-94.8,0,,16,2
530,Parris Campbell,WR,216,DAL,28.0,64.6,4.31,-94.7,0,NA,15,3
531,Laquon Treadwell,WR,217,IND,31.0,56.7,3.78,-102.6,0,,9,2
532,Ameer Abdullah,RB,140,IND,33.0,57.0,3.93,-124.7,0,,44,3
533,Kameron Johnson,WR,218,TB,24.0,57.2,3.81,-102.1,0,,21,2
534,Mecole Hardman,WR,219,BUF,28.0,57.2,3.81,-102.1,0,,21,3
535,Jonathan Mingo,WR,220,DAL,25.0,57.4,3.83,-101.9,0,,34,3
536,John FitzPatrick,TE,105,GB,25.0,58.8,3.92,-68.7,0,Questionable,15,3
537,Ben Sims,TE,106,MIN,26.0,59.0,3.93,-68.5,0,Questionable,13,3
538,Grant Calcaterra,TE,107,PHI,27.0,59.1,3.94,-68.4,0,Questionable,27,3
539,Tip Reiman,TE,108,ARI,24.0,59.1,3.94,-68.4,0,PUP,11,2
540,Julius Chestnut,RB,141,TEN,25.0,59.2,4.08,-122.5,0,,29,3
541,Hunter Long,TE,109,JAX,28.0,59.6,3.97,-67.9,0,,19,3
542,Jalin Hyatt,WR,221,NYG,24.0,59.8,3.99,-99.5,0,Questionable,29,3
543,Eric Gray,RB,142,NYG,26.0,60.0,4.14,-121.7,0,,25,3
544,Avery Williams,RB,143,NYJ,27.0,60.2,4.15,-121.5,0,,18,2
545,Elijah Higgins,TE,110,ARI,25.0,60.8,4.05,-66.7,0,Questionable,43,3
546,Trayveon Williams,RB,144,CLE,28.0,60.9,4.2,-120.8,0,,27,3
547,Mason Kinsey,WR,222,TEN,27.0,53.0,3.53,-106.3,0,,18,3
548,Jeremy Ruckert,TE,111,NYJ,26.0,53.1,3.54,-74.4,0,,38,3
549,Dareke Young,WR,223,SEA,27.0,53.2,3.55,-106.1,0,,16,3
550,Ashton Dulin,WR,224,IND,29.0,53.6,3.57,-105.7,0,,25,2
551,Jake Bobo,WR,225,SEA,,54.2,3.61,-105.1,0,,31,3
552,Stone Smartt,TE,112,NYJ,27.0,54.4,3.63,-73.1,0,,27,3
553,Tanner Conner,TE,113,MIA,28.0,54.6,3.64,-72.9,0,,12,2
554,Nate Adkins,TE,114,DEN,27.0,54.6,3.64,-72.9,0,,26,3
555,Dylan Laube,RB,145,LV,26.0,54.7,3.77,-127.0,0,,23,2
556,LaJohntay Wester,WR,226,BAL,24.0,55.2,3.68,-104.1,0,,14,1
557,Xavier Smith,WR,227,LA,28.0,55.6,3.71,-103.7,0,,30,2
558,Lucas Krull,TE,115,DEN,28.0,56.0,3.73,-71.5,0,,19,3
559,Simi Fehoko,WR,228,ARI,28.0,56.1,3.74,-103.2,0,,15,3
560,Charlie Kolar,TE,116,BAL,27.0,56.1,3.74,-71.4,0,,32,3
561,Craig Reynolds,RB,146,DET,30.0,56.3,3.88,-125.4,0,,25,3
562,Adam Trautman,TE,117,DEN,29.0,56.4,3.76,-71.1,0,,42,3
563,Skyy Moore,WR,229,SF,25.0,48.6,3.24,-110.7,0,,33,3
564,Velus Jones Jr.,WR,230,SEA,29.0,48.8,3.25,-110.5,0,,20,3
565,Reggie Gilliam,RB,147,BUF,29.0,49.0,3.38,-132.7,0,,23,3
566,Anthony Gould,WR,231,IND,25.0,49.4,3.29,-109.9,0,Questionable,19,2
567,David Martin-Robinson,TE,118,TEN,26.0,49.4,3.29,-78.1,0,,15,2
568,Tucker Fisk,TE,119,LAC,27.0,49.5,3.3,-78.0,0,,13,3
569,Nikko Remigio,WR,232,KC,26.0,49.5,3.3,-109.8,0,,19,2
570,Luke Schoonmaker,TE,120,DAL,27.0,50.2,3.35,-77.3,0,,38,3
571,Brady Russell,RB,148,SEA,27.0,50.2,3.46,-131.5,0,,24,3
572,Travis Homer,RB,149,CHI,28.0,50.9,3.51,-130.8,0,,23,3
573,Braxton Berrios,WR,233,HOU,30.0,51.0,3.4,-108.3,0,Questionable,26,3
574,Tylan Wallace,WR,234,BAL,27.0,52.0,3.47,-107.3,0,,29,3
575,Tim Jones,WR,235,JAX,28.0,52.0,3.47,-107.3,0,,20,3
576,Gunner Olszewski,WR,236,NYG,,52.4,3.49,-106.9,0,,28,2
577,Will Mallory,TE,121,IND,27.0,52.5,3.5,-75.0,0,Questionable,19,3
578,D'Ernest Johnson,RB,150,NE,30.0,52.6,3.63,-129.1,0,,33,3
579,Charlie Woerner,TE,122,ATL,28.0,35.8,2.39,-91.7,0,,29,3
580,Devin Duvernay,WR,237,CHI,28.0,30.3,2.02,-129.0,0,,43,3
581,Dare Ogunbowale,RB,151,HOU,32.0,40.7,2.81,-141.0,0,,39,3
582,Derius Davis,WR,238,LAC,25.0,41.0,2.73,-118.3,0,,43,3
583,John Bates,TE,123,WAS,28.0,42.0,2.8,-85.5,0,Questionable,38,3
584,Robert Tonyan,TE,124,KC,32.0,42.2,2.81,-85.3,0,,14,2
585,James Proche,WR,239,TEN,29.0,42.2,2.81,-117.1,0,,25,3
586,Luke Farrell,TE,125,SF,28.0,42.3,2.82,-85.2,0,,35,3
587,KhaDarel Hodge,WR,240,ATL,31.0,42.8,2.85,-116.5,0,,33,3
588,Johnny Mundt,TE,126,JAX,31.0,42.9,2.86,-84.6,0,,36,3
589,Julian Hill,TE,127,MIA,,43.2,2.88,-84.3,0,,35,3
590,Brevyn Spann-Ford,TE,128,DAL,26.0,43.7,2.91,-83.8,0,,27,2
591,Blake Whiteheart,TE,129,CLE,26.0,43.8,2.92,-83.7,0,,16,2
592,Jack Stoll,TE,130,NO,,44.1,2.94,-83.4,0,,20,3
593,Colson Yankoff,TE,131,WAS,26.0,44.1,2.94,-83.4,0,,14,2
594,Harrison Bryant,TE,132,HOU,28.0,44.2,2.95,-83.3,0,Questionable,25,3
595,Tyrod Taylor,QB,72,NYJ,37.0,189.3,12.21,-146.3,0,,18,3
596,Brandon Allen,QB,73,TEN,33.0,189.3,12.21,-146.3,0,,4,2
597,Teddy Bridgewater,QB,74,TB,33.0,189.6,12.23,-146.0,0,NA,4,2
598,Gardner Minshew,QB,75,KC,30.0,157.2,10.14,-178.4,0,,30,3
599,Mitchell Trubisky,QB,76,BUF,32.0,175.3,11.31,-160.3,0,Questionable,17,3
600,Josh Johnson,QB,77,WAS,40.0,175.6,11.33,-160.0,0,,7,2
601,Drew Lock,QB,78,SEA,29.0,179.5,11.58,-156.1,0,,14,3
602,Tyson Bagent,QB,79,CHI,26.0,180.4,11.64,-155.2,0,Questionable,11,3
603,Max Brosmer,QB,80,MIN,25.0,165.8,10.7,-169.8,0,,7,1
604,Jimmy Garoppolo,QB,81,LA,34.0,167.6,10.81,-168.0,0,,11,3
605,Marcedes Lewis,TE,133,DEN,41.0,31.4,2.09,-96.1,0,,12,3
606,Pharaoh Brown,TE,134,ARI,32.0,32.8,2.19,-94.7,0,,26,3
607,Chris Manhertz,TE,135,NYG,34.0,33.4,2.23,-94.1,0,,19,3
608,Xavier Gipson,WR,241,PHI,25.0,34.4,2.29,-124.9,0,,40,3
609,Feleipe Franks,TE,136,ATL,28.0,35.2,2.35,-92.3,0,,19,2
610,Durham Smythe,TE,137,CHI,31.0,35.2,2.35,-92.3,0,,34,3
