team,player,pos,paid,value,pts,inj,edge
gaytonmanning,Puka Nacua,WR,72,76,311.1,Questionable,4
JBonez86,Josh Jacobs,RB,56,44,255.3,Questionable,-12
dwarner827,Josh Allen,QB,45,58,440.4,,13
gaytonmanning,Ja'Marr Chase,WR,78,63,278.2,Questionable,-15
gaytonmanning,Christian McCaffrey,RB,77,57,284.8,Questionable,-20
JBonez86,Jahmyr Gibbs,RB,103,89,370.5,,-14
dwarner827,Ashton Jeanty,RB,60,46,258.8,Questionable,-14
Zvernal,Jaxon Smith-Njigba,WR,72,61,273.3,,-11
olavegardner,Jonathan Taylor,RB,80,78,340.0,,-2
EasyE12345,Travis Kelce,TE,11,1,123.9,,-10
jnozilla,A.J. Brown,WR,59,26,195.4,,-33
dwarner827,Todd Gurley,RB,2,0,0.0,,-2
olavegardner,Brock Bowers,TE,44,49,212.2,,5
EasyE12345,Brian Robinson,RB,2,0,138.9,,-2
VALERIAN,Saquon Barkley,RB,66,44,253.5,,-22
olavegardner,Bijan Robinson,RB,108,91,376.1,,-17
VALERIAN,De'Von Achane,RB,75,76,333.2,,1
Zvernal,Derrick Henry,RB,57,28,221.0,,-29
teeeejayyyy,Kenneth Walker,RB,60,26,217.2,Questionable,-34
Markinsoles,Jaylen Warren,RB,12,21,207.4,,9
JBonez86,Joe Burrow,QB,20,18,356.3,,-2
dwarner827,Brandon Aubrey,K,8,0,0.0,,-8
Ultimate Warnior,Amon-Ra St. Brown,WR,73,57,263.1,,-16
teeeejayyyy,Ladd McConkey,WR,43,22,187.0,,-21
DJNVRealty,Trey McBride,TE,38,55,225.9,,17
EasyE12345,Justin Jefferson,WR,61,25,192.9,,-36
jnozilla,Chase Brown,RB,67,45,257.4,,-22
Zvernal,Cameron Dicker,K,3,0,0.0,,-3
Zvernal,Kyren Williams,RB,47,74,329.6,,27
DJNVRealty,Breece Hall,RB,39,50,269.3,Questionable,11
Markinsoles,CeeDee Lamb,WR,56,42,228.0,,-14
dwarner827,Travis Etienne,RB,33,32,229.4,,-1
gaytonmanning,Dak Prescott,QB,10,1,328.8,,-9
Zvernal,Drake London,WR,52,44,232.5,,-8
Markinsoles,Tetairoa McMillan,WR,34,22,188.0,,-12
dwarner827,George Pickens,WR,45,43,228.9,,-2
VALERIAN,Rashee Rice,WR,39,39,221.2,,0
dwarner827,Rome Odunze,WR,24,11,170.2,,-13
JBonez86,De'Zhaun Stribling,WR,16,0,0.0,Questionable,-16
EasyE12345,Nico Collins,WR,49,37,216.0,,-12
Markinsoles,TreVeyon Henderson,RB,21,32,229.2,Questionable,11
jnozilla,Cam Skattebo,RB,31,37,239.1,,6
Ultimate Warnior,Omarion Hampton,RB,61,39,242.6,,-22
Markinsoles,Bhayshul Tuten,RB,22,1,154.4,,-21
EasyE12345,David Montgomery,RB,28,6,185.6,,-22
VALERIAN,Denver Broncos,DEF,3,0,0.0,,-3
JBonez86,Jameson Williams,WR,18,28,197.8,,10
Ultimate Warnior,James Cook,RB,84,65,304.5,,-19
EasyE12345,Chris Olave,WR,36,33,207.8,,-3
Markinsoles,Lamar Jackson,QB,25,28,373.9,,3
DJNVRealty,Colston Loveland,TE,26,16,145.4,,-10
Markinsoles,Jeremiyah Love,RB,42,0,0.0,Questionable,-42
Markinsoles,Terry McLaurin,WR,20,10,167.7,,-10
VALERIAN,Malik Nabers,WR,30,43,229.2,Questionable,13
teeeejayyyy,D'Andre Swift,RB,30,38,240.3,,8
VALERIAN,Tank Dell,WR,2,0,0.0,Questionable,-2
dwarner827,Tucker Kraft,TE,17,29,168.0,Questionable,12
VALERIAN,George Kittle,TE,11,31,171.9,Questionable,20
dwarner827,Los Angeles Rams,DEF,7,0,0.0,,-7
teeeejayyyy,Tyler Warren,TE,17,20,152.1,Questionable,3
DJNVRealty,DeVonta Smith,WR,25,16,176.5,,-9
EasyE12345,Javonte Williams,RB,31,39,242.4,,8
EasyE12345,Drake Maye,QB,15,32,382.5,,17
jnozilla,Emeka Egbuka,WR,19,13,173.0,Questionable,-6
JBonez86,RJ Harvey,RB,6,16,200.0,,10
DJNVRealty,Bucky Irving,RB,18,47,260.9,,29
teeeejayyyy,Jadarian Price,RB,16,0,0.0,,-16
DJNVRealty,Tee Higgins,WR,18,29,200.1,,11
VALERIAN,Marvin Harrison,WR,12,13,172.8,,1
JBonez86,Jake Ferguson,TE,5,1,127.6,,-4
jnozilla,Parker Washington,WR,14,1,157.0,,-13
DJNVRealty,Zay Flowers,WR,16,30,202.8,Questionable,14
teeeejayyyy,Jaylen Waddle,WR,23,10,167.8,,-13
Markinsoles,Jalen Hurts,QB,5,37,392.9,,32
JBonez86,Jaxson Dart,QB,2,5,338.7,,3
teeeejayyyy,DJ Moore,WR,11,1,159.3,,-10
DJNVRealty,Davante Adams,WR,10,18,179.8,,8
DJNVRealty,Garrett Wilson,WR,10,24,191.2,,14
teeeejayyyy,Justin Herbert,QB,6,1,330.3,,-5
DJNVRealty,Jonathon Brooks,RB,10,0,0.0,,-10
olavegardner,Carnell Tate,WR,8,0,0.0,,-8
Markinsoles,Sam LaPorta,TE,5,32,174.5,Questionable,27
VALERIAN,Alec Pierce,WR,2,9,167.2,PUP,7
DJNVRealty,Quinshon Judkins,RB,16,44,255.1,,28
jnozilla,Luther Burden,WR,10,1,145.4,Questionable,-9
DJNVRealty,Caleb Williams,QB,22,16,353.9,,-6
jnozilla,Matthew Stafford,QB,4,0,303.0,,-4
EasyE12345,Tony Pollard,RB,6,7,186.6,,1
jnozilla,Jordan Mason,RB,6,1,162.0,,-5
Ultimate Warnior,Mike Evans,WR,6,1,157.8,Questionable,-5
teeeejayyyy,Jayden Daniels,QB,11,24,366.7,,13
jnozilla,Rhamondre Stevenson,RB,6,9,189.1,,3
Ultimate Warnior,Blake Corum,RB,4,0,151.8,,-4
Ultimate Warnior,Christian Watson,WR,7,1,157.5,,-6
teeeejayyyy,Kyle Monangai,RB,7,10,191.4,Questionable,3
Ultimate Warnior,Jason Myers,K,2,0,0.0,,-2
DJNVRealty,New England Patriots,DEF,1,0,0.0,,-1
jnozilla,Kyle Pitts,TE,8,23,157.5,,15
JBonez86,DK Metcalf,WR,13,11,170.1,Questionable,-2
JBonez86,Chuba Hubbard,RB,7,15,197.5,Questionable,8
Zvernal,Brian Thomas,WR,5,29,200.9,Questionable,24
dwarner827,Makai Lemon,WR,5,0,0.0,,-5
gaytonmanning,Dalton Kincaid,TE,3,10,137.0,,7
EasyE12345,Rico Dowdle,RB,7,17,201.3,,10
VALERIAN,Michael Pittman,WR,2,1,156.0,Questionable,-1
Markinsoles,Courtland Sutton,WR,3,10,168.0,,7
Ultimate Warnior,Harold Fannin,TE,4,21,153.3,,17
Zvernal,J.K. Dobbins,RB,4,30,223.9,,26
teeeejayyyy,Ka'imi Fairbairn,K,2,0,0.0,,-2
jnozilla,Michael Wilson,WR,4,5,162.8,,1
jnozilla,Trevor Lawrence,QB,6,22,363.8,,16
VALERIAN,Cam Little,K,2,0,0.0,,-2
jnozilla,Quentin Johnston,WR,3,17,179.4,Questionable,14
teeeejayyyy,Houston Texans,DEF,5,0,0.0,,-5
Ultimate Warnior,Bo Nix,QB,4,36,390.3,,32
VALERIAN,Chris Rodriguez,RB,2,1,158.8,,-1
teeeejayyyy,KC Concepcion,WR,2,0,0.0,,-2
Markinsoles,Tyler Allgeier,RB,1,1,159.2,,0
Zvernal,Aaron Jones,RB,2,0,151.2,,-2
Markinsoles,Jordyn Tyson,WR,2,0,0.0,Doubtful,-2
gaytonmanning,Tyler Loop,K,2,0,0.0,,-2
VALERIAN,Brock Purdy,QB,3,40,398.5,,37
Zvernal,Kyler Murray,QB,1,1,317.8,,0
EasyE12345,Seattle Seahawks,DEF,1,0,0.0,,-1
jnozilla,Patrick Mahomes,QB,1,24,367.2,Questionable,23
teeeejayyyy,Jonah Coleman,RB,3,0,0.0,,-3
Ultimate Warnior,Matthew Golden,WR,1,0,111.8,,-1
gaytonmanning,Rachaad White,RB,1,1,181.4,Questionable,0
olavegardner,Jordan Love,QB,1,1,335.6,,0
Markinsoles,Josh Downs,WR,2,1,148.0,Questionable,-1
Zvernal,Jacory Croskey-Merritt,RB,2,1,181.7,Questionable,-1
JBonez86,Chris Godwin,WR,1,1,150.4,,0
DJNVRealty,Jake Bates,K,1,0,0.0,,-1
VALERIAN,Stefon Diggs,WR,1,1,151.6,,0
Zvernal,Isaiah Likely,TE,1,0,95.6,,-1
EasyE12345,Jordan Addison,WR,1,20,184.4,,19
Ultimate Warnior,Tyrone Tracy,RB,1,16,199.7,,15
gaytonmanning,Jayden Reed,WR,1,9,166.8,,8
olavegardner,Rashid Shaheed,WR,1,1,134.8,,0
dwarner827,Woody Marks,RB,1,10,190.1,,9
JBonez86,Kenny Gainwell,RB,1,0,154.3,,-1
Zvernal,Wan'Dale Robinson,WR,1,14,173.8,,13
EasyE12345,Evan McPherson,K,1,0,0.0,,-1
Ultimate Warnior,Mike Washington,RB,1,0,0.0,,-1
gaytonmanning,Jakobi Meyers,WR,1,1,157.8,Questionable,0
olavegardner,Romeo Doubs,WR,1,1,155.2,,0
dwarner827,Tyjae Spears,RB,1,1,160.8,,0
JBonez86,Philadelphia Eagles,DEF,1,0,0.0,,-1
Zvernal,Deebo Samuel,WR,1,1,150.9,,0
EasyE12345,Xavier Worthy,WR,1,1,158.7,Questionable,0
Ultimate Warnior,Baltimore Ravens,DEF,1,0,0.0,,-1
gaytonmanning,Jalen Coker,WR,1,1,136.4,,0
olavegardner,Khalil Shakir,WR,1,1,145.8,Questionable,0
dwarner827,Oronde Gadsden,TE,1,1,127.0,,0
JBonez86,Harrison Mevis,K,1,0,0.0,,-1
Zvernal,Minnesota Vikings,DEF,1,0,0.0,,-1
Ultimate Warnior,Baker Mayfield,QB,1,1,321.9,,0
gaytonmanning,Isiah Pacheco,RB,1,1,160.8,Questionable,0
olavegardner,Dallas Goedert,TE,1,10,137.2,,9
dwarner827,Jared Goff,QB,1,1,332.2,,0
gaytonmanning,Los Angeles Chargers,DEF,1,0,0.0,,-1
olavegardner,Will Reichard,K,1,0,0.0,,-1
gaytonmanning,Mark Andrews,TE,1,1,123.0,,0
olavegardner,Jacksonville Jaguars,DEF,1,0,0.0,,-1
gaytonmanning,Keaton Mitchell,RB,1,0,127.6,Questionable,-1
olavegardner,Jalen Nailor,WR,1,0,100.0,,-1
olavegardner,Tank Bigsby,RB,1,0,133.5,,-1
olavegardner,Brenton Strange,TE,1,1,122.4,,0
