player_id,name,position,team,adp,adp_formatted,times_drafted,high,low,stdev,bye
5672,Jahmyr Gibbs,RB,DET,1.5,1.01,337,1,4,0.7,6
5670,Bijan Robinson,RB,ATL,2.1,1.02,177,1,4,0.7,11
5714,Puka Nacua,WR,LAR,2.8,1.03,43,1,3,0.6,11
5177,Ja'Marr Chase,WR,CIN,4.1,1.04,294,1,7,0.9,6
5671,Jaxon Smith-Njigba,WR,SEA,5.3,1.05,144,2,8,1.2,11
4864,Jonathan Taylor,RB,IND,5.8,1.06,276,3,10,1.3,13
2434,Christian McCaffrey,RB,SF,6.6,1.07,245,3,11,1.6,8
5182,Amon-Ra St. Brown,WR,DET,7.8,1.08,254,3,12,1.6,6
5574,Drake London,WR,ATL,9.5,1.09,48,5,13,1.6,11
2350,Derrick Henry,RB,BAL,9.8,1.10,99,5,13,1.6,13
5683,De'Von Achane,RB,MIA,10.9,1.11,114,6,15,1.7,6
5652,James Cook III,RB,BUF,12.1,1.12,452,5,20,2.7,7
5696,Rashee Rice,WR,KC,12.2,1.12,37,10,16,1.4,5
4869,CeeDee Lamb,WR,DAL,12.4,1.12,208,6,18,2.4,14
6500,Ashton Jeanty,RB,LV,14.3,1.14,202,6,24,2.8,13
4876,Justin Jefferson,WR,MIN,15.4,2.01,252,8,21,2.5,6
5706,Chase Brown,RB,CIN,16.3,2.02,253,9,22,2.6,6
2860,Saquon Barkley,RB,PHI,18.2,2.04,425,9,29,3.2,10
3247,A.J. Brown,WR,NE,19.2,2.05,140,12,25,2.6,11
5576,George Pickens,WR,DAL,19.6,2.06,67,14,27,2.2,14
6538,Omarion Hampton,RB,LAC,21.9,2.08,494,11,32,4.1,7
3255,Josh Jacobs,RB,GB,22.0,2.08,90,16,29,2.5,11
2885,Josh Allen,QB,BUF,22.8,2.09,166,5,31,6.7,7
5544,Chris Olave,WR,NO,23.1,2.09,78,17,29,2.3,8
5207,Nico Collins,WR,HOU,23.6,2.10,171,16,31,2.7,8
5675,Zay Flowers,WR,BAL,25.5,2.12,66,19,32,2.3,13
5503,Breece Hall,RB,NYJ,26.1,2.12,54,20,34,3.2,13
5625,Kenneth Walker,RB,KC,26.9,2.13,520,15,37,4.3,5
6769,Jeremiyah Love,RB,ARI,28.2,2.14,84,17,36,4.1,14
5548,Garrett Wilson,WR,NYJ,30.9,3.03,51,25,39,3.1,13
4883,DeVonta Smith,WR,PHI,31.3,3.03,203,22,44,3.5,10
6183,Malik Nabers,WR,NYG,31.5,3.03,281,20,44,4.3,8
6576,Emeka Egbuka,WR,TB,32.0,3.04,264,24,41,3.4,10
5623,Kyren Williams,RB,LAR,32.0,3.04,221,22,40,3.8,11
6509,Cam Skattebo,RB,NYG,33.5,3.06,106,23,42,4.0,8
5185,Javonte Williams,RB,DAL,35.8,3.08,218,25,45,4.0,14
6561,Tetairoa McMillan,WR,CAR,36.6,3.09,144,27,47,3.4,5
4870,Tee Higgins,WR,CIN,38.1,3.10,162,27,53,4.0,6
2125,Davante Adams,WR,LAR,39.7,3.12,133,30,56,4.0,11
4863,Travis Etienne Jr.,RB,NO,40.1,3.12,85,31,51,4.2,8
5643,Jameson Williams,WR,DET,41.5,3.14,71,33,50,3.2,6
3449,Terry McLaurin,WR,WAS,42.4,3.14,168,35,56,3.5,7
4862,D'Andre Swift,RB,CHI,42.4,3.14,94,30,54,4.4,10
6194,Rome Odunze,WR,CHI,44.4,4.02,118,33,60,4.2,10
5656,Trey McBride,TE,ARI,45.0,4.03,303,21,61,8.9,14
6190,Bucky Irving,RB,TB,45.4,4.03,115,33,58,4.9,10
6281,Ladd McConkey,WR,LAC,45.7,4.04,419,32,63,5.0,7
6187,Drake Maye,QB,NE,46.1,4.04,77,29,61,7.9,11
6178,Brock Bowers,TE,LV,46.3,4.04,474,19,65,10.3,13
5641,Alec Pierce,WR,IND,47.8,4.06,36,37,62,5.1,13
6531,Quinshon Judkins,RB,CLE,47.8,4.06,193,32,62,5.9,11
2876,DJ Moore,WR,BUF,48.5,4.06,225,34,67,5.6,7
2888,Lamar Jackson,QB,BAL,49.2,4.07,109,24,66,9.6,13
6513,Bhayshul Tuten,RB,JAX,51.5,4.09,176,37,63,5.2,7
5178,Jaylen Waddle,WR,DEN,51.8,4.10,304,34,70,6.7,10
2862,Courtland Sutton,WR,DEN,52.5,4.10,56,40,70,6.0,10
6559,Luther Burden III,WR,CHI,54.7,4.13,206,41,74,6.7,10
6490,TreVeyon Henderson,RB,NE,57.2,5.01,156,40,70,6.3,11
2111,Mike Evans,WR,SF,57.9,5.02,198,42,73,5.8,8
4882,Joe Burrow,QB,CIN,58.6,5.03,102,42,71,6.2,6
6776,Jadarian Price,RB,SEA,59.1,5.03,188,40,75,7.2,11
6193,Marvin Harrison Jr.,WR,ARI,62.1,5.06,139,45,80,7.0,14
3239,DK Metcalf,WR,PIT,63.1,5.07,140,45,79,6.8,9
5095,Rico Dowdle,RB,PIT,64.2,5.08,41,48,75,5.9,9
3238,David Montgomery,RB,HOU,64.5,5.08,309,45,80,7.1,8
5360,Christian Watson,WR,GB,64.5,5.09,377,47,80,6.5,11
3435,Tony Pollard,RB,TEN,66.2,5.10,56,49,81,6.4,9
6501,Colston Loveland,TE,CHI,67.5,5.12,204,47,83,7.7,10
2377,Dak Prescott,QB,DAL,67.6,5.12,61,58,79,6.1,14
5648,Brock Purdy,QB,SF,68.2,5.12,16,54,87,9.6,8
5854,Jayden Daniels,QB,WAS,68.4,5.12,62,55,89,8.1,7
5705,Parker Washington,WR,JAX,68.7,5.13,257,53,84,6.1,7
6175,Brian Thomas Jr.,WR,JAX,69.4,5.13,288,52,87,6.8,7
6504,Tyler Warren,TE,IND,72.4,6.02,200,40,93,12.3,13
5210,Rhamondre Stevenson,RB,NE,73.3,6.03,96,58,85,5.8,11
5025,Jalen Hurts,QB,PHI,73.9,6.04,121,53,94,7.8,10
6768,Carnell Tate,WR,TEN,75.7,6.06,190,57,91,7.1,9
3496,Jakobi Meyers,WR,JAX,77.5,6.08,64,64,91,5.0,7
5443,Jaylen Warren,RB,PIT,78.1,6.08,70,61,91,6.6,9
4873,Chuba Hubbard,RB,CAR,78.2,6.08,85,58,94,7.7,5
5588,Wan'Dale Robinson,WR,TEN,78.6,6.09,85,63,92,6.0,9
1664,Matthew Stafford,QB,LAR,79.6,6.10,103,56,107,10.4,11
4880,Michael Pittman Jr.,WR,PIT,80.6,6.11,143,62,95,7.1,9
5674,Quentin Johnston,WR,LAC,80.7,6.11,147,62,93,7.1,7
6771,Jordyn Tyson,WR,NO,81.7,6.12,140,63,99,7.6,8
5181,Kyle Pitts Sr.,TE,ATL,82.2,6.12,55,62,94,7.6,11
4888,J.K. Dobbins,RB,DEN,85.0,7.01,170,64,102,7.9,10
6502,Harold Fannin Jr.,TE,CLE,85.6,7.02,49,63,103,8.5,11
3246,Deebo Samuel Sr.,WR,SF,87.4,7.03,107,65,104,8.5,8
5186,Trevor Lawrence,QB,JAX,87.6,7.04,215,62,118,11.9,7
5721,Michael Wilson,WR,ARI,88.4,7.04,193,65,115,8.7,14
6530,RJ Harvey,RB,DEN,89.5,7.06,110,67,120,9.8,10
5673,Jordan Addison,WR,MIN,91.3,7.07,90,66,110,9.4,6
2316,Stefon Diggs,WR,WAS,91.4,7.07,156,61,124,11.5,7
5707,Jayden Reed,WR,GB,92.6,7.09,81,67,115,9.5,11
5564,Sam LaPorta,TE,DET,92.6,7.09,119,68,124,9.8,6
1309,Denver Defense,DEF,DEN,93.0,7.09,57,71,116,10.2,10
6568,Jaxson Dart,QB,NYG,93.8,7.10,136,68,122,13.0,8
2507,Aaron Jones Sr.,RB,MIN,95.2,7.11,71,66,112,11.0,6
2465,Chris Godwin Jr.,WR,TB,95.8,7.12,133,73,119,8.5,10
5196,Kenny Gainwell,RB,TB,96.8,7.13,126,74,120,9.7,10
2462,Patrick Mahomes,QB,KC,98.5,7.14,151,66,122,12.2,5
6534,Kyle Monangai,RB,CHI,99.6,8.02,173,68,122,11.8,10
5680,Josh Downs,WR,IND,99.8,8.02,185,78,116,8.4,13
6172,Xavier Worthy,WR,KC,100.9,8.03,110,75,120,9.6,5
6772,Makai Lemon,WR,PHI,101.1,8.03,137,80,117,9.3,10
1327,Seattle Defense,DEF,SEA,101.3,8.03,52,83,116,7.7,11
2896,Dallas Goedert,TE,PHI,102.4,8.04,18,83,145,15.4,10
5718,Tucker Kraft,TE,GB,103.8,8.06,129,56,150,18.0,11
4887,Justin Herbert,QB,LAC,104.0,8.06,266,69,129,13.5,7
5636,Khalil Shakir,WR,BUF,104.4,8.06,43,80,124,9.3,7
5626,Rachaad White,RB,WAS,105.9,8.08,109,76,141,13.0,7
6173,Caleb Williams,QB,CHI,108.0,8.10,246,66,135,16.1,10
2351,Jared Goff,QB,DET,108.8,8.11,106,75,134,13.3,6
5586,Romeo Doubs,WR,NE,109.2,8.11,63,85,140,9.3,11
6595,Jacory Croskey-Merritt,RB,WAS,109.4,8.11,144,71,145,14.7,7
6199,Ricky Pearsall,WR,SF,110.2,8.12,23,95,120,6.2,8
1312,Houston Defense,DEF,HOU,110.7,8.13,142,84,129,10.1,8
6179,Jonathon Brooks,RB,CAR,112.2,8.14,418,71,147,17.5,5
2499,George Kittle,TE,SF,112.6,9.01,76,83,147,16.0,8
5896,Rashid Shaheed,WR,SEA,112.9,9.01,42,94,123,7.2,11
6523,Matthew Golden,WR,GB,117.4,9.05,131,91,145,9.8,11
5330,Jordan Mason,RB,MIN,118.7,9.07,226,78,150,15.5,6
6253,Bo Nix,QB,DEN,119.5,9.08,117,85,142,13.1,10
5965,Blake Corum,RB,LAR,119.6,9.08,255,78,149,15.8,11
1317,Minnesota Defense,DEF,MIN,120.5,9.08,12,107,127,5.2,6
1310,Detroit Defense,DEF,DET,121.9,9.10,13,107,128,5.6,6
5582,John Metchie III,WR,CAR,122.2,9.10,28,111,150,8.2,5
2866,Calvin Ridley,WR,TEN,126.3,9.14,41,97,148,11.2,9
6302,Jalen Coker,WR,CAR,127.2,10.01,73,104,150,10.3,5
6774,KC Concepcion,WR,CLE,127.7,10.02,129,98,150,11.2,11
1989,Travis Kelce,TE,KC,128.1,10.02,71,96,155,14.5,5
6489,Theo Wease Jr.,WR,MIA,128.5,10.03,37,100,147,13.0,6
6162,Brandon Aubrey,PK,DAL,131.1,10.05,304,73,187,22.3,14
2531,Ka'imi Fairbairn,PK,HOU,131.8,10.06,41,81,161,23.8,8
2886,Baker Mayfield,QB,TB,132.4,10.06,76,105,150,10.3,10
2424,Jason Myers,PK,SEA,132.6,10.07,47,90,185,19.3,11
6577,Jayden Higgins,WR,HOU,132.8,10.07,97,104,150,10.9,8
1328,LA Rams Defense,DEF,LAR,134.1,10.08,207,86,178,18.2,11
5180,Rashod Bateman,WR,BAL,134.3,10.08,47,100,156,15.3,13
4861,Jerry Jeudy,WR,CLE,134.4,10.08,55,115,150,8.2,11
5677,Zach Charbonnet,RB,SEA,134.8,10.09,123,75,173,22.6,11
1318,New England Defense,DEF,NE,135.5,10.09,46,103,179,17.5,11
5977,Tre Tucker,WR,LV,136.1,10.10,36,125,149,6.0,13
5661,Isaiah Likely,TE,NYG,137.2,10.11,165,99,178,20.5,8
2872,Mark Andrews,TE,BAL,138.4,10.12,117,90,178,20.8,13
6299,Harrison Mevis,PK,LAR,138.4,10.12,8,116,162,12.5,11
5602,Tyler Shough,QB,NO,138.4,10.12,64,104,171,12.9,8
5711,Tank Dell,WR,HOU,140.5,10.14,70,114,166,10.2,8
6282,Jalen McMillan,WR,TB,140.6,11.01,36,111,169,12.5,10
5538,Cameron Dicker,PK,LAC,143.4,11.03,38,106,186,17.4,7
1323,Philadelphia Defense,DEF,PHI,143.9,11.04,51,111,174,15.2,10
2439,Alvin Kamara,RB,NO,144.0,11.04,79,94,175,19.1,8
5337,Isiah Pacheco,RB,DET,144.2,11.04,58,95,176,19.5,6
5334,Jalen Nailor,WR,LV,144.2,11.04,51,115,173,13.1,13
6529,Woody Marks,RB,HOU,145.3,11.05,49,100,175,17.4,8
2884,Sam Darnold,QB,SEA,145.5,11.05,19,128,169,10.0,11
5692,Tyjae Spears,RB,TEN,146.1,11.06,18,116,166,14.5,9
1325,LA Chargers Defense,DEF,LAC,146.7,11.07,44,101,178,17.3,7
5020,Jauan Jennings,WR,MIN,147.2,11.07,23,121,180,12.6,6
5561,Jake Ferguson,TE,DAL,147.3,11.07,66,102,194,19.0,14
6055,Jake Bates,PK,DET,147.3,11.07,34,114,188,17.6,6
3299,Kyler Murray,QB,MIN,147.3,11.07,77,101,178,18.5,6
5655,Tyler Allgeier,RB,ARI,147.4,11.07,23,85,208,30.1,14
2470,James Conner,RB,ARI,147.6,11.08,5,135,159,11.3,14
3264,Daniel Jones,QB,IND,148.7,11.09,9,131,163,9.8,13
6799,Jonah Coleman,RB,DEN,148.8,11.09,5,139,164,9.4,10
5688,Dalton Kincaid,TE,BUF,148.8,11.09,33,110,179,19.7,7
6777,De'Zhaun Stribling,WR,SF,148.8,11.09,39,111,178,14.4,8
6263,Kimani Vidal,RB,LAC,150.2,11.10,6,93,201,37.9,7
6778,Denzel Boston,WR,CLE,150.6,11.11,50,116,179,16.9,11
4892,Jordan Love,QB,GB,150.8,11.11,66,112,178,17.1,11
6773,Kenyon Sadiq,TE,NYJ,151.7,11.12,6,136,179,16.7,13
6787,Ja'Kobi Lane,WR,BAL,153.1,11.13,7,110,174,21.1,13
6296,Will Reichard,PK,MIN,153.4,11.13,12,122,178,16.4,6
5151,Juwan Johnson,TE,NO,153.8,11.14,6,135,204,26.6,8
5982,Keaton Mitchell,RB,LAC,154.1,11.14,8,117,209,35.6,7
6587,Tyler Loop,PK,BAL,155.0,12.01,28,119,177,15.4,13
2335,Cairo Santos,PK,CHI,155.1,12.01,19,136,179,14.6,10
1324,Pittsburgh Defense,DEF,PIT,155.2,12.01,66,131,180,13.1,9
5545,Malik Willis,QB,MIA,155.4,12.01,16,129,179,14.8,6
383,Nick Folk,PK,ATL,155.4,12.01,13,137,176,12.7,11
3097,Eddy Piñeiro,PK,SF,156.1,12.02,23,115,180,17.7,8
2449,Cooper Kupp,WR,SEA,156.2,12.02,57,105,180,19.5,11
5985,Brenton Strange,TE,JAX,156.5,12.02,19,115,208,25.9,7
6287,Malik Washington,WR,MIA,157.9,12.04,10,116,204,26.0,6
6563,Travis Hunter,WR,JAX,158.2,12.04,17,123,176,14.3,7
6789,Antonio Williams,WR,WAS,158.4,12.04,21,130,184,14.4,7
6184,Adonai Mitchell,WR,NYJ,158.8,12.05,28,133,178,13.0,13
5691,Tank Bigsby,RB,PHI,159.8,12.06,9,61,201,43.0,10
5717,Chris Rodriguez Jr.,RB,JAX,159.9,12.06,29,117,198,20.5,7
6276,Tyrone Tracy Jr.,RB,NYG,160.2,12.06,39,128,180,16.5,8
6775,Omar Cooper Jr.,WR,NYJ,160.3,12.06,15,141,180,12.4,13
2354,Hunter Henry,TE,NE,161.0,12.07,21,107,198,29.2,11
4865,Chase McLaughlin,PK,TB,162.1,12.08,13,140,180,14.2,10
1330,Tennessee Defense,DEF,TEN,162.3,12.08,27,141,180,10.9,9
1303,Buffalo Defense,DEF,BUF,163.4,12.09,51,135,200,17.8,7
2514,Harrison Butker,PK,KC,164.3,12.10,24,140,205,18.4,5
5694,Kayshon Boutte,WR,NE,165.2,12.11,6,120,197,26.6,11
1334,Atlanta Defense,DEF,ATL,166.9,12.13,39,136,180,11.7,11
6188,Cam Little,PK,JAX,167.9,12.14,66,136,203,16.3,7
6803,Mike Washington Jr.,RB,LV,168.1,12.14,7,130,207,23.7,13
1332,Baltimore Defense,DEF,BAL,168.8,13.01,29,137,206,13.5,13
1314,Jacksonville Defense,DEF,JAX,168.8,13.01,6,159,181,8.3,7
2340,Chris Boswell,PK,PIT,169.3,13.01,10,159,179,7.2,9
5669,Evan McPherson,PK,CIN,169.4,13.01,19,146,207,14.1,6
1319,New Orleans Defense,DEF,NO,169.4,13.01,40,139,199,12.1,8
2522,Wil Lutz,PK,DEN,171.9,13.04,15,144,196,11.2,10
6585,Andy Borregales,PK,NE,172.4,13.04,5,143,197,19.3,11
5676,C.J. Stroud,QB,HOU,172.8,13.05,10,156,182,9.6,8
6457,Cam Ward,QB,TEN,179.9,13.12,9,146,210,22.9,9
1316,Miami Defense,DEF,MIA,188.6,14.07,7,169,209,14.1,6
1307,Cleveland Defense,DEF,CLE,189.1,14.07,9,172,209,13.9,11
