rank,name,position,pos_rank,team,age,proj_points,proj_ppg,vorp,value,injury_status,games_total,seasons,key,adp,market,source,status,out,has_market,edge,thin,low_conf,model_value,model_only,expert_rank,expert_adp_rank,expert_tilt,expert_move
1,Jahmyr Gibbs,RB,1,DET,24.0,294.5,20.31,159.2,97,Questionable,49,3,jahmyr gibbs,1.5,100,yahoo,Q,False,True,-3,False,False,99,99,1.0,1.0,0.0,-2
2,Bijan Robinson,RB,2,ATL,24.0,291.9,20.13,156.6,96,,51,3,bijan robinson,2.1,99,yahoo,,False,True,-3,False,False,97,97,2.0,2.0,0.0,-1
3,Puka Nacua,WR,1,LA,25.0,276.2,18.41,139.4,88,Questionable,44,3,puka nacua,2.8,89,yahoo,Q,False,True,-1,False,False,89,89,2.0,2.0,0.0,-1
4,De'Von Achane,RB,3,MIA,24.0,266.5,18.38,131.2,83,,44,3,devon achane,10.9,68,yahoo,,False,True,15,False,False,85,85,10.0,8.0,-2.0,-2
5,Jonathan Taylor,RB,4,IND,27.0,253.3,17.47,118.0,74,,41,3,jonathan taylor,5.8,85,yahoo,,False,True,-11,False,False,79,79,5.0,4.0,-6.0,-5
6,Ja'Marr Chase,WR,2,CIN,26.0,251.2,16.75,114.4,76,,49,3,jamarr chase,4.1,92,yahoo,,False,True,-16,False,False,77,77,1.0,1.0,0.0,-1
7,Jaxon Smith-Njigba,WR,3,SEA,24.0,246.6,16.44,109.8,71,,51,3,jaxon smith njigba,5.3,86,yahoo,,False,True,-15,False,False,75,75,4.0,3.0,-4.0,-4
8,Kyren Williams,RB,5,LA,25.0,240.7,16.6,105.4,65,,45,3,kyren williams,32.0,45,yahoo,,False,True,20,False,False,73,73,17.0,14.0,-11.0,-8
9,Amon-Ra St. Brown,WR,4,DET,26.0,236.4,15.76,99.6,71,,50,3,amon ra st brown,7.8,82,yahoo,,False,True,-11,False,False,70,70,3.0,4.0,4.0,1
10,James Cook,RB,6,BUF,26.0,236.1,16.28,100.8,72,,50,3,james cook,12.1,79,yahoo,,False,True,-7,False,False,70,70,4.0,5.0,6.0,2
11,Trey McBride,TE,1,ARI,26.0,204.1,13.61,90.5,64,,50,3,trey mcbride,45.0,54,yahoo,,False,True,10,False,False,65,65,2.0,2.0,0.0,-1
12,Christian McCaffrey,RB,7,SF,30.0,218.1,15.04,82.8,60,Questionable,37,3,christian mccaffrey,6.6,88,yahoo,Q,False,True,-28,False,False,61,61,3.0,3.0,0.0,-1
13,Josh Allen,QB,1,BUF,30.0,339.9,21.93,83.7,60,,49,3,josh allen,22.8,54,yahoo,,False,True,6,False,False,61,61,1.0,1.0,0.0,-1
14,Brock Bowers,TE,2,LV,23.0,192.9,12.86,79.3,58,,29,2,brock bowers,46.3,60,yahoo,,False,True,-2,False,False,59,59,1.0,1.0,0.0,-1
15,Malik Nabers,WR,5,NYG,23.0,212.8,14.19,76.0,56,Questionable,19,2,malik nabers,31.5,45,yahoo,Q,False,True,11,True,False,57,57,11.0,11.0,0.0,-1
16,Bucky Irving,RB,8,TB,23.0,211.4,14.58,76.1,54,,27,2,bucky irving,45.4,25,yahoo,,False,True,29,True,False,57,57,24.0,20.0,-4.0,-3
17,Breece Hall,RB,9,NYJ,25.0,208.5,14.38,73.2,58,,49,3,breece hall,26.1,38,yahoo,,False,True,20,False,False,56,56,14.0,15.0,4.0,2
18,Drake London,WR,6,ATL,25.0,211.0,14.07,74.2,60,,45,3,drake london,9.5,65,yahoo,,False,True,-5,False,False,56,56,6.0,7.0,9.0,4
19,CeeDee Lamb,WR,7,DAL,27.0,206.4,13.76,69.6,45,,45,3,ceedee lamb,12.4,79,yahoo,,False,True,-34,False,False,54,54,7.0,5.0,-14.0,-9
20,George Pickens,WR,8,DAL,25.0,206.6,13.77,69.8,47,,48,3,george pickens,19.6,54,yahoo,,False,True,-7,False,False,54,54,13.0,9.0,-10.0,-7
21,Ashton Jeanty,RB,10,LV,22.0,204.7,14.12,69.4,72,,17,1,ashton jeanty,14.3,73,yahoo,,False,True,-1,True,False,53,73,7.0,7.0,0.0,-1
22,Chase Brown,RB,11,CIN,26.0,201.8,13.92,66.5,54,,45,3,chase brown,16.3,70,yahoo,,False,True,-16,False,False,52,52,6.0,9.0,5.0,2
23,Rashee Rice,WR,9,KC,26.0,203.4,13.56,66.6,42,,28,3,rashee rice,12.2,44,yahoo,,False,True,-2,False,False,52,52,18.0,12.0,-15.0,-10
24,Saquon Barkley,RB,12,PHI,29.0,196.5,13.55,61.2,43,,46,3,saquon barkley,18.2,72,yahoo,,False,True,-29,False,False,49,49,11.0,6.0,-9.0,-6
25,Nico Collins,WR,10,HOU,27.0,197.4,13.16,60.6,47,,42,3,nico collins,23.6,60,yahoo,,False,True,-13,False,False,48,48,10.0,10.0,0.0,-1
26,Josh Jacobs,RB,13,GB,28.0,195.6,13.49,60.3,54,Questionable,45,3,josh jacobs,22.0,46,yahoo,Q,False,True,8,False,False,48,48,13.0,17.0,12.0,6
27,Chris Olave,WR,11,NO,26.0,189.5,12.63,52.7,49,,40,3,chris olave,23.1,44,yahoo,,False,True,5,False,False,44,44,9.0,13.0,10.0,5
28,Quinshon Judkins,RB,14,CLE,22.0,187.8,12.95,52.5,43,,14,1,quinshon judkins,47.8,24,yahoo,,False,True,19,True,False,44,44,23.0,23.0,0.0,-1
29,Omarion Hampton,RB,15,LAC,23.0,185.5,12.79,50.2,68,,9,1,omarion hampton,21.9,68,yahoo,,False,True,0,True,False,42,68,8.0,10.0,2.0,0
30,Cam Skattebo,RB,16,NYG,24.0,185.6,12.8,50.3,41,,8,1,cam skattebo,33.5,33,yahoo,,False,True,8,True,False,42,42,18.0,18.0,0.0,-1
31,Tee Higgins,WR,12,CIN,27.0,184.5,12.3,47.7,40,,39,3,tee higgins,38.1,38,yahoo,,False,True,2,False,False,41,41,15.0,15.0,0.0,-1
32,Zay Flowers,WR,13,BAL,25.0,184.6,12.31,47.8,46,Questionable,50,3,zay flowers,25.5,33,yahoo,Q,False,True,13,False,False,41,41,14.0,16.0,9.0,5
33,Javonte Williams,RB,17,DAL,26.0,181.5,12.52,46.2,39,,49,3,javonte williams,35.8,41,yahoo,,False,True,-2,False,False,40,40,16.0,16.0,0.0,-1
34,D'Andre Swift,RB,18,CHI,27.0,182.7,12.6,47.4,39,,49,3,dandre swift,42.4,25,yahoo,,False,True,14,False,False,40,40,20.0,21.0,0.0,-1
35,Sam LaPorta,TE,3,DET,25.0,161.0,10.73,47.4,39,,42,3,sam laporta,92.6,11,yahoo,,False,True,28,False,False,40,40,5.0,5.0,0.0,-1
36,Jalen Hurts,QB,2,PHI,28.0,301.0,19.42,44.8,39,,48,3,jalen hurts,73.9,16,yahoo,,False,True,23,False,False,39,39,5.0,6.0,1.0,0
37,Lamar Jackson,QB,3,BAL,29.0,300.9,19.41,44.7,38,,46,3,lamar jackson,49.2,35,yahoo,,False,True,3,False,False,39,39,2.0,2.0,0.0,-1
38,Travis Etienne,RB,19,JAX,27.0,181.2,12.5,45.9,38,,49,3,travis etienne,40.1,34,yahoo,,False,True,4,False,False,39,39,21.0,19.0,0.0,-1
39,Brian Thomas Jr.,WR,14,JAX,23.0,182.0,12.13,45.2,37,,31,2,brian thomas,69.4,7,yahoo,,False,True,30,False,False,39,39,37.0,32.0,-3.0,-2
40,Drake Maye,QB,4,NE,23.0,301.5,19.45,45.3,39,,30,2,drake maye,46.1,24,yahoo,,False,True,15,False,False,39,39,3.0,4.0,1.0,0
41,George Kittle,TE,4,SF,32.0,156.8,10.45,43.2,7,PUP,42,3,george kittle,112.6,7,yahoo,PUP-P,True,True,0,False,True,38,7,8.0,9.0,0.0,0
42,Jameson Williams,WR,15,DET,25.0,180.4,12.03,43.6,36,,44,3,jameson williams,41.5,16,yahoo,,False,True,20,False,False,38,38,30.0,27.0,-2.0,-2
43,Tucker Kraft,TE,5,GB,25.0,156.8,10.45,43.2,37,Questionable,39,3,tucker kraft,103.8,15,yahoo,Q,False,True,22,False,False,38,38,7.0,6.0,-1.0,-1
44,Brock Purdy,QB,5,SF,26.0,297.8,19.21,41.6,36,,40,3,brock purdy,68.2,3,yahoo,,False,True,33,False,False,37,37,12.0,12.0,0.0,-1
45,TreVeyon Henderson,RB,20,NE,23.0,178.1,12.28,42.8,28,,17,1,treveyon henderson,57.2,21,yahoo,,False,True,7,True,False,37,37,30.0,24.0,-14.0,-9
46,A.J. Brown,WR,16,PHI,29.0,177.9,11.86,41.1,35,,45,3,aj brown,19.2,50,yahoo,,False,True,-15,False,False,36,36,8.0,8.0,0.0,-1
47,Garrett Wilson,WR,17,NYJ,26.0,176.0,11.73,39.2,37,,41,3,garrett wilson,30.9,29,yahoo,,False,True,8,False,False,35,35,17.0,21.0,5.0,2
48,Justin Jefferson,WR,18,MIN,27.0,175.2,11.68,38.4,37,,44,3,justin jefferson,15.4,74,yahoo,,False,True,-37,False,False,35,35,5.0,6.0,5.0,2
49,Ladd McConkey,WR,19,LAC,24.0,172.2,11.48,35.4,34,,32,2,ladd mcconkey,45.7,29,yahoo,,False,True,5,False,False,33,33,16.0,17.0,2.0,1
50,Jayden Daniels,QB,6,WAS,25.0,290.2,18.72,34.0,35,,24,2,jayden daniels,68.4,17,yahoo,,False,True,18,True,False,32,32,4.0,5.0,6.0,3
51,Kenneth Walker III,RB,21,SEA,27.0,169.5,11.69,34.2,34,,43,3,kenneth walker,26.9,64,yahoo,,False,True,-30,False,False,32,32,9.0,11.0,4.0,2
52,Jordan Addison,WR,20,MIN,24.0,170.0,11.33,33.2,31,Questionable,46,3,jordan addison,91.3,2,yahoo,Q,False,True,29,False,False,31,31,,,0.0,0
53,Tetairoa McMillan,WR,21,CAR,23.0,170.1,11.34,33.3,34,,17,1,tetairoa mcmillan,36.6,35,yahoo,,False,True,-1,True,False,31,35,24.0,23.0,0.0,-1
54,Bo Nix,QB,7,DEN,26.0,287.5,18.55,31.3,31,,34,2,bo nix,119.5,3,yahoo,,False,True,28,False,False,30,30,13.0,15.0,2.0,1
55,J.K. Dobbins,RB,22,DEN,27.0,167.2,11.53,31.9,30,Questionable,24,3,jk dobbins,85.0,6,yahoo,,False,True,24,True,False,30,30,27.0,28.0,0.0,0
56,Quentin Johnston,WR,22,LAC,24.0,168.9,11.26,32.1,30,,45,3,quentin johnston,80.7,3,yahoo,,False,True,27,False,False,30,30,39.0,41.0,1.0,0
57,Kyle Pitts,TE,6,ATL,25.0,143.4,9.56,29.8,27,,51,3,kyle pitts,82.2,9,yahoo,,False,True,18,False,False,29,29,9.0,7.0,-3.0,-2
58,Zach Charbonnet,RB,23,SEA,25.0,165.0,11.38,29.7,5,PUP,49,3,zach charbonnet,134.8,5,yahoo,PUP-P,True,True,0,False,True,29,5,,,0.0,0
59,Tyreek Hill,WR,23,MIA,31.0,164.1,10.94,27.3,1,Questionable,37,3,tyreek hill,,1,curve,,False,False,0,False,True,27,1,,,0.0,0
60,Harold Fannin Jr.,TE,7,CLE,22.0,141.3,9.42,27.7,28,,16,1,harold fannin,85.6,10,yahoo,,False,True,18,True,False,27,27,6.0,8.0,2.0,1
61,RJ Harvey,RB,24,DEN,25.0,163.1,11.25,27.8,26,,17,1,rj harvey,89.5,7,yahoo,,False,True,19,True,False,27,27,36.0,32.0,-1.0,-1
62,Davante Adams,WR,24,LA,33.0,164.1,10.94,27.3,27,,45,3,davante adams,39.7,25,yahoo,,False,True,2,False,False,27,27,25.0,25.0,0.0,0
63,Derrick Henry,RB,25,BAL,32.0,161.5,11.14,26.2,26,,51,3,derrick henry,9.8,61,yahoo,,False,True,-35,False,False,26,26,12.0,12.0,0.0,0
64,Emeka Egbuka,WR,25,TB,23.0,160.8,10.72,24.0,27,Questionable,17,1,emeka egbuka,32.0,28,yahoo,Q,False,True,-1,True,False,25,28,20.0,18.0,-1.0,-1
65,Jaylen Warren,RB,26,PIT,27.0,159.5,11.0,24.2,26,,48,3,jaylen warren,78.1,11,yahoo,,False,True,15,False,False,25,25,26.0,27.0,2.0,1
66,DeVonta Smith,WR,26,PHI,27.0,161.5,10.77,24.7,25,Questionable,46,3,devonta smith,31.3,44,yahoo,Q,False,True,-19,False,False,25,25,12.0,14.0,0.0,0
67,Tyler Warren,TE,8,IND,24.0,136.2,9.08,22.6,26,,17,1,tyler warren,72.4,26,yahoo,,False,True,0,True,False,24,26,4.0,4.0,0.0,0
68,Marvin Harrison Jr.,WR,27,ARI,24.0,159.0,10.6,22.2,23,,29,2,marvin harrison,62.1,9,yahoo,,False,True,14,False,False,23,23,33.0,33.0,0.0,0
69,Wan'Dale Robinson,WR,28,NYG,25.0,159.0,10.6,22.2,23,,48,3,wandale robinson,78.6,21,curve,,False,True,2,False,False,23,23,43.0,47.0,0.0,0
70,Colston Loveland,TE,9,CHI,22.0,133.5,8.9,19.9,34,,16,1,colston loveland,67.5,35,yahoo,,False,True,-1,True,False,22,35,3.0,3.0,0.0,-1
71,DK Metcalf,WR,29,PIT,28.0,156.9,10.46,20.1,19,Questionable,46,3,dk metcalf,63.1,6,yahoo,Q,False,True,13,False,False,22,22,42.0,34.0,-5.0,-3
72,Trevor Lawrence,QB,8,JAX,26.0,276.1,17.81,19.9,22,,43,3,trevor lawrence,87.6,7,yahoo,,False,True,15,False,False,22,22,9.0,10.0,0.0,0
73,Rome Odunze,WR,30,CHI,24.0,154.6,10.31,17.8,17,,29,2,rome odunze,44.4,13,yahoo,,False,True,4,False,False,20,20,28.0,26.0,-5.0,-3
74,Tyrone Tracy Jr.,RB,27,NYG,26.0,153.7,10.6,18.4,20,,32,2,tyrone tracy,160.2,2,yahoo,,False,True,18,False,False,20,20,,,0.0,0
75,Joe Burrow,QB,9,CIN,29.0,272.6,17.59,16.4,14,,35,3,joe burrow,58.6,23,yahoo,,False,True,-9,False,False,19,19,6.0,3.0,-8.0,-5
76,Rhamondre Stevenson,RB,28,NE,28.0,151.4,10.44,16.1,19,,41,3,rhamondre stevenson,73.3,9,yahoo,,False,True,10,False,False,19,19,28.0,29.0,0.0,0
77,Alec Pierce,WR,31,IND,26.0,154.0,10.27,17.2,9,PUP,48,3,alec pierce,47.8,9,yahoo,PUP-P,True,True,0,False,True,19,9,,,0.0,0
78,Courtland Sutton,WR,32,DEN,30.0,152.8,10.19,16.0,17,,49,3,courtland sutton,52.5,5,yahoo,,False,True,12,False,False,18,18,40.0,35.0,-2.0,-1
79,Rico Dowdle,RB,29,CAR,28.0,151.1,10.42,15.8,17,,49,3,rico dowdle,64.2,9,yahoo,,False,True,8,False,False,18,18,34.0,30.0,-1.0,-1
80,Terry McLaurin,WR,33,WAS,30.0,152.7,10.18,15.9,20,,44,3,terry mclaurin,42.4,23,yahoo,,False,True,-3,False,False,18,18,21.0,22.0,3.0,2
81,Jayden Reed,WR,34,GB,26.0,151.8,10.12,15.0,18,,38,3,jayden reed,92.6,2,yahoo,,False,True,16,False,False,18,18,,,0.0,0
82,Patrick Mahomes,QB,10,KC,30.0,271.7,17.53,15.5,18,Questionable,46,3,patrick mahomes,98.5,6,yahoo,Q,False,True,12,False,False,18,18,17.0,16.0,0.0,0
83,Jaylen Waddle,WR,35,MIA,27.0,151.0,10.07,14.2,17,Questionable,45,3,jaylen waddle,51.8,28,yahoo,Q,False,True,-11,False,False,17,17,19.0,20.0,1.0,0
84,Dallas Goedert,TE,10,PHI,31.0,127.5,8.5,13.9,17,,39,3,dallas goedert,102.4,3,yahoo,,False,True,14,False,False,17,17,10.0,14.0,1.0,0
85,Mike Evans,WR,36,TB,32.0,150.0,10.0,13.2,13,Questionable,39,3,mike evans,57.9,16,yahoo,Q,False,True,-3,False,False,16,16,22.0,19.0,-4.0,-3
86,Dalton Kincaid,TE,11,BUF,26.0,126.9,8.46,13.3,16,,41,3,dalton kincaid,148.8,3,yahoo,,False,True,13,False,False,16,16,11.0,11.0,0.0,0
87,Parker Washington,WR,37,JAX,24.0,150.3,10.02,13.5,18,,38,3,parker washington,68.7,6,yahoo,,False,True,12,False,False,16,16,27.0,31.0,4.0,2
88,Michael Wilson,WR,38,ARI,26.0,148.5,9.9,11.7,17,,46,3,michael wilson,88.4,4,yahoo,,False,True,13,False,False,15,15,32.0,37.0,3.0,2
89,Chuba Hubbard,RB,30,CAR,27.0,146.9,10.13,11.6,14,,47,3,chuba hubbard,78.2,13,yahoo,,False,True,1,False,False,15,15,33.0,31.0,-1.0,-1
90,Caleb Williams,QB,11,CHI,24.0,268.5,17.32,12.3,15,,34,2,caleb williams,108.0,9,yahoo,,False,True,6,False,False,15,15,10.0,8.0,0.0,0
91,Christian Watson,WR,39,GB,27.0,146.7,9.78,9.9,16,,33,3,christian watson,64.5,14,yahoo,,False,True,2,False,False,13,13,26.0,29.0,5.0,3
92,Woody Marks,RB,31,HOU,25.0,143.7,9.91,8.4,12,,16,1,woody marks,145.3,2,yahoo,,False,True,10,True,False,12,12,,,0.0,0
93,Kyle Monangai,RB,32,CHI,24.0,144.3,9.95,9.0,11,,17,1,kyle monangai,99.6,7,yahoo,,False,True,4,True,False,12,12,42.0,36.0,-1.0,-1
94,Jaxson Dart,QB,12,NYG,23.0,264.9,17.09,8.7,12,,14,1,jaxson dart,93.8,9,yahoo,,False,True,3,True,False,12,12,11.0,11.0,0.0,0
95,Najee Harris,RB,33,LAC,27.0,142.7,9.84,7.4,1,Questionable,37,3,najee harris,,1,curve,,False,False,0,False,True,11,1,,,0.0,0
96,DJ Moore,WR,40,CHI,29.0,143.8,9.59,7.0,10,,51,3,dj moore,48.5,16,yahoo,,False,True,-6,False,False,10,10,29.0,28.0,0.0,0
97,Jake Ferguson,TE,12,DAL,27.0,120.4,8.03,6.8,9,,48,3,jake ferguson,147.3,5,curve,,False,True,4,False,False,10,10,16.0,12.0,-1.0,-1
98,Xavier Worthy,WR,41,KC,23.0,142.8,9.52,6.0,9,Questionable,30,2,xavier worthy,100.9,12,curve,,False,True,-3,False,False,9,9,,,0.0,0
99,Jakobi Meyers,WR,42,JAX,29.0,142.2,9.48,5.4,9,,47,3,jakobi meyers,77.5,22,curve,,False,True,-13,False,False,9,9,,,0.0,0
100,Michael Pittman,WR,43,IND,28.0,142.0,9.47,5.2,11,Questionable,49,3,michael pittman,80.6,3,yahoo,Q,False,True,8,False,False,9,9,36.0,43.0,3.0,2
101,David Montgomery,RB,34,DET,29.0,140.8,9.71,5.5,9,,45,3,david montgomery,64.5,25,yahoo,,False,True,-16,False,False,9,9,19.0,22.0,1.0,0
102,Oronde Gadsden II,TE,13,LAC,23.0,117.9,7.86,4.3,1,,15,1,oronde gadsden,,1,curve,,False,False,0,True,True,8,1,21.0,16.0,0.0,0
103,Tony Pollard,RB,35,TEN,29.0,139.6,9.63,4.3,8,,50,3,tony pollard,66.2,9,yahoo,,False,True,-1,False,False,8,8,31.0,34.0,1.0,0
104,Phil Mafah,RB,36,DAL,23.0,139.9,9.65,4.6,1,,1,1,phil mafah,,1,curve,,False,False,0,True,True,8,1,,,0.0,0
105,Romeo Doubs,WR,44,GB,26.0,141.2,9.41,4.4,9,,46,3,romeo doubs,109.2,11,curve,,False,True,-2,False,False,8,8,41.0,51.0,2.0,1
106,Rachaad White,RB,37,TB,27.0,139.5,9.62,4.2,7,,49,3,rachaad white,105.9,4,yahoo,,False,True,3,False,False,7,7,37.0,40.0,0.0,0
107,James Conner,RB,38,ARI,31.0,139.1,9.59,3.8,7,Questionable,32,3,james conner,147.6,5,curve,,False,True,2,False,False,7,7,,,0.0,0
108,Jacory Croskey-Merritt,RB,39,WAS,25.0,137.0,9.45,1.7,4,,17,1,jacory croskey merritt,109.4,3,yahoo,,False,True,1,True,False,4,4,39.0,37.0,0.0,0
109,Jared Goff,QB,13,DET,31.0,256.5,16.55,0.3,2,,51,3,jared goff,108.8,3,yahoo,,False,True,-1,False,False,2,2,16.0,14.0,0.0,0
110,Jordan Love,QB,14,GB,27.0,256.7,16.56,0.5,2,,47,3,jordan love,150.8,2,yahoo,,False,True,0,False,False,2,2,19.0,19.0,0.0,0
111,Hunter Henry,TE,14,NE,31.0,114.0,7.6,0.4,1,,46,3,hunter henry,161.0,4,curve,,False,True,-3,False,False,2,2,22.0,17.0,-2.0,-1
112,Chris Godwin Jr.,WR,45,TB,30.0,137.0,9.13,0.2,4,,33,3,chris godwin,95.8,5,yahoo,,False,True,-1,False,False,2,2,31.0,36.0,4.0,2
113,Devin Neal,RB,40,NO,23.0,124.3,8.57,-11.0,1,Questionable,9,1,devin neal,,1,curve,,False,False,0,True,True,1,1,,,0.0,0
114,Jayden Higgins,WR,46,HOU,23.0,124.4,8.29,-12.4,7,,17,1,jayden higgins,132.8,7,curve,,False,True,0,True,False,1,7,,,0.0,0
115,Alvin Kamara,RB,41,NO,31.0,125.7,8.67,-9.6,2,,38,3,alvin kamara,144.0,6,curve,,False,True,-4,False,False,1,1,43.0,46.0,2.0,1
116,Zach Ertz,TE,15,WAS,35.0,96.8,6.45,-16.8,1,,37,3,zach ertz,,1,curve,,False,False,0,False,True,1,1,,,0.0,0
117,Darren Waller,TE,16,MIA,33.0,101.6,6.77,-12.0,1,Questionable,21,2,darren waller,,1,curve,,False,False,0,True,True,1,1,,,0.0,0
118,Tre Tucker,WR,47,LV,25.0,126.4,8.43,-10.4,1,,47,3,tre tucker,136.1,7,curve,,False,True,-6,False,False,1,1,,,0.0,0
119,Jalen Coker,WR,48,CAR,24.0,126.4,8.43,-10.4,7,,22,2,jalen coker,127.2,7,curve,,False,True,0,True,False,1,7,,,0.0,0
120,Amar Johnson,RB,42,LAC,23.0,127.9,8.82,-7.4,1,,1,1,amar johnson,,1,curve,,False,False,0,True,True,1,1,,,0.0,0
121,Colby Parkinson,TE,17,LA,27.0,95.0,6.33,-18.6,1,,45,3,colby parkinson,,1,curve,,False,False,0,False,True,1,1,,,0.0,0
122,Tory Horton,WR,49,SEA,23.0,129.6,8.64,-7.2,1,,8,1,tory horton,,1,curve,,False,False,0,True,True,1,1,,,0.0,0
123,Theo Johnson,TE,18,NYG,25.0,110.6,7.37,-3.0,1,,26,2,theo johnson,,1,curve,,False,False,0,True,True,1,1,,,0.0,0
124,T.J. Hockenson,TE,19,MIN,29.0,102.0,6.8,-11.6,1,,40,3,tj hockenson,,1,curve,,False,False,0,False,True,1,1,,,0.0,0
125,Matthew Stafford,QB,15,LA,38.0,233.6,15.07,-22.6,1,,48,3,matthew stafford,79.6,5,yahoo,,False,True,-4,False,False,1,1,15.0,13.0,-2.0,0
126,C.J. Stroud,QB,16,HOU,24.0,236.1,15.23,-20.1,1,,46,3,cj stroud,172.8,2,yahoo,,False,True,-1,False,False,1,1,,,0.0,0
127,Kyler Murray,QB,17,ARI,29.0,244.1,15.75,-12.1,1,,30,3,kyler murray,147.3,3,yahoo,,False,True,-2,False,False,1,1,14.0,17.0,0.0,0
128,Baker Mayfield,QB,18,TB,31.0,245.8,15.86,-10.4,1,,51,3,baker mayfield,132.4,2,yahoo,,False,True,-1,False,False,1,1,18.0,18.0,0.0,0
129,Dak Prescott,QB,19,DAL,33.0,248.9,16.06,-7.3,1,,42,3,dak prescott,67.6,9,yahoo,,False,True,-8,False,False,1,1,7.0,7.0,0.0,0
130,Justin Herbert,QB,20,LAC,28.0,256.2,16.53,0.0,1,,46,3,justin herbert,104.0,10,yahoo,,False,True,-9,False,False,1,1,8.0,9.0,0.0,0
131,Theo Wease Jr.,WR,50,MIA,25.0,117.2,7.81,-19.6,7,,3,1,theo wease,128.5,7,curve,,False,True,0,True,True,1,7,,,0.0,0
132,Chimere Dike,WR,51,TEN,24.0,117.9,7.86,-18.9,1,,17,1,chimere dike,,1,curve,,False,False,0,True,True,1,1,,,0.0,0
133,Bhayshul Tuten,RB,43,JAX,23.0,118.5,8.17,-16.8,27,,15,1,bhayshul tuten,51.5,21,yahoo,,False,True,6,True,False,1,21,22.0,25.0,11.0,6
134,Calvin Ridley,WR,52,TEN,31.0,119.0,7.93,-17.8,1,,41,3,calvin ridley,126.3,7,curve,,False,True,-6,False,False,1,1,,,0.0,0
135,Ulysses Bentley IV,RB,44,IND,,119.8,8.26,-15.5,1,,1,1,ulysses bentley iv,,1,curve,,False,False,0,True,True,1,1,,,0.0,0
136,Elic Ayomanor,WR,53,TEN,23.0,120.2,8.01,-16.6,1,,16,1,elic ayomanor,,1,curve,,False,False,0,True,True,1,1,,,0.0,0
137,Isiah Pacheco,RB,45,KC,27.0,120.4,8.3,-14.9,1,Questionable,34,3,isiah pacheco,144.2,6,curve,,False,True,-5,False,False,1,1,,,0.0,0
138,Keenan Allen,WR,54,LAC,33.0,120.9,8.06,-15.9,1,,45,3,keenan allen,,1,curve,,False,False,0,False,True,1,1,,,0.0,0
139,Jawhar Jordan,RB,46,HOU,26.0,120.9,8.34,-14.4,1,Questionable,4,1,jawhar jordan,,1,curve,,False,False,0,True,True,1,1,,,0.0,0
140,Ricky Pearsall,WR,55,SF,,121.5,8.1,-15.3,10,,20,2,ricky pearsall,110.2,10,curve,,False,True,0,True,False,1,10,,,0.0,0
141,Jerry Jeudy,WR,56,CLE,27.0,121.6,8.11,-15.2,1,,50,3,jerry jeudy,134.4,7,curve,,False,True,-6,False,False,1,1,,,0.0,0
142,Raheim Sanders,RB,47,CLE,24.0,121.8,8.4,-13.5,1,,4,1,raheim sanders,,1,curve,,False,False,0,True,True,1,1,,,0.0,0
143,Jaydon Blue,RB,48,DAL,22.0,122.4,8.44,-12.9,1,,5,1,jaydon blue,,1,curve,,False,False,0,True,True,1,1,,,0.0,0
144,Jacardia Wright,RB,49,SEA,25.0,122.7,8.46,-12.6,1,,1,1,jacardia wright,,1,curve,,False,False,0,True,True,1,1,,,0.0,0
145,Cade Otton,TE,20,TB,27.0,106.2,7.08,-7.4,1,,46,3,cade otton,,1,curve,,False,False,0,False,True,1,1,,,0.0,0
146,Josh Williams,RB,50,TB,25.0,112.7,7.77,-22.6,1,,2,1,josh williams,,1,curve,,False,False,0,True,True,1,1,,,0.0,0
147,Brenton Strange,TE,21,JAX,25.0,113.0,7.53,-0.6,1,,33,3,brenton strange,156.5,5,curve,,False,True,-4,False,False,1,1,19.0,18.0,-2.0,0
148,Mason Taylor,TE,22,NYJ,22.0,98.1,6.54,-15.5,1,,13,1,mason taylor,,1,curve,,False,False,0,True,True,1,1,,,0.0,0
149,Audric Estimé,RB,51,NO,,113.7,7.84,-21.6,1,,18,2,audric estimé,,1,curve,,False,False,0,True,True,1,1,,,0.0,0
150,AJ Barner,TE,23,SEA,24.0,111.9,7.46,-1.7,1,,32,2,aj barner,,1,curve,,False,False,0,False,True,1,1,20.0,24.0,0.0,0
151,Deebo Samuel Sr.,WR,57,WAS,30.0,136.4,9.09,-0.4,1,,46,3,deebo samuel,87.4,18,curve,,False,True,-17,False,False,1,1,,,0.0,0
152,Travis Kelce,TE,24,KC,36.0,112.0,7.47,-1.6,1,,48,3,travis kelce,128.1,6,yahoo,,False,True,-5,False,False,1,1,13.0,10.0,-1.0,0
153,Dalton Schultz,TE,25,HOU,30.0,106.5,7.1,-7.1,1,,49,3,dalton schultz,,1,curve,,False,False,0,False,True,1,1,17.0,23.0,0.0,0
154,Aaron Jones,RB,52,MIN,31.0,115.6,7.97,-19.7,1,,40,3,aaron jones,95.2,5,yahoo,,False,True,-4,False,False,1,1,38.0,41.0,0.0,0
155,Nate Carter,RB,53,ATL,,115.9,7.99,-19.4,1,,2,1,nate carter,,1,curve,,False,False,0,True,True,1,1,,,0.0,0
156,Juwan Johnson,TE,26,NO,29.0,112.4,7.49,-1.2,3,,45,3,juwan johnson,153.8,5,curve,,False,True,-2,False,False,1,1,15.0,21.0,3.0,2
157,Chris Rodriguez Jr.,RB,54,WAS,26.0,116.6,8.04,-18.7,1,,28,3,chris rodriguez,159.9,2,yahoo,,False,True,-1,False,False,1,1,40.0,42.0,0.0,0
158,Tyler Allgeier,RB,55,ATL,26.0,116.7,8.05,-18.6,1,,51,3,tyler allgeier,147.4,2,yahoo,,False,True,-1,False,False,1,1,,,0.0,0
159,Jauan Jennings,WR,58,SF,29.0,136.6,9.11,-0.2,1,,43,3,jauan jennings,147.2,5,curve,,False,True,-4,False,False,1,1,,,0.0,0
160,Stefon Diggs,WR,59,NE,32.0,136.8,9.12,0.0,1,,42,3,stefon diggs,91.4,4,yahoo,,False,True,-3,False,False,1,1,38.0,40.0,0.0,0
161,Jordan Mason,RB,56,MIN,27.0,116.7,8.05,-18.6,1,,44,3,jordan mason,118.7,5,yahoo,,False,True,-4,False,False,1,1,41.0,38.0,0.0,0
162,Dylan Sampson,RB,57,CLE,21.0,116.9,8.06,-18.4,1,,15,1,dylan sampson,,1,curve,,False,False,0,True,True,1,1,45.0,54.0,0.0,0
163,Kenny Gainwell,RB,58,PIT,27.0,123.1,8.49,-12.2,3,,50,3,kenny gainwell,96.8,5,yahoo,,False,True,-2,False,False,1,1,29.0,39.0,4.0,2
164,Pat Freiermuth,TE,27,PIT,27.0,107.2,7.15,-6.4,1,,43,3,pat freiermuth,,1,curve,,False,False,0,False,True,1,1,,,0.0,0
165,David Njoku,TE,28,CLE,30.0,113.6,7.57,0.0,1,,38,3,david njoku,,1,curve,,False,False,0,False,True,1,1,,,0.0,0
166,Lew Nichols III,RB,59,PIT,24.0,123.2,8.5,-12.1,1,,1,1,lew nichols,,1,curve,,False,False,0,True,True,1,1,,,0.0,0
167,Kendall Milton,RB,60,CIN,24.0,123.7,8.53,-11.6,1,,1,1,kendall milton,,1,curve,,False,False,0,True,True,1,1,,,0.0,0
168,Jake Tonges,TE,29,SF,27.0,100.6,6.71,-13.0,1,,12,2,jake tonges,,1,curve,,False,False,0,True,True,1,1,,,0.0,0
169,Isaiah Likely,TE,30,BAL,26.0,91.5,6.1,-22.1,1,,41,3,isaiah likely,137.2,4,yahoo,,False,True,-3,False,False,1,1,14.0,13.0,0.0,0
170,Bam Knight,RB,61,ARI,,124.0,8.55,-11.3,1,,14,2,bam knight,,1,curve,,False,False,0,True,True,1,1,,,0.0,0
171,Chig Okonkwo,TE,31,TEN,26.0,96.4,6.43,-17.2,1,,50,3,chig okonkwo,,1,curve,,False,False,0,False,True,1,1,18.0,19.0,0.0,0
172,Rashid Shaheed,WR,60,SEA,27.0,129.6,8.64,-7.2,1,,39,3,rashid shaheed,112.9,10,curve,,False,True,-9,False,False,1,1,,,0.0,0
173,Kayshon Boutte,WR,61,NE,24.0,130.8,8.72,-6.0,1,,32,3,kayshon boutte,165.2,4,curve,,False,True,-3,False,False,1,1,,,0.0,0
174,Tyjae Spears,RB,62,TEN,25.0,131.4,9.06,-3.9,1,Questionable,42,3,tyjae spears,146.1,6,curve,,False,True,-5,False,False,1,1,,,0.0,0
175,Luther Burden III,WR,62,CHI,22.0,131.8,8.79,-5.0,23,Questionable,15,1,luther burden,54.7,23,yahoo,Q,False,True,0,True,False,1,23,23.0,24.0,0.0,0
176,Troy Franklin,WR,63,DEN,23.0,133.4,8.89,-3.4,1,,33,2,troy franklin,,1,curve,,False,False,0,False,True,1,1,,,0.0,0
177,Jalen McMillan,WR,64,TB,24.0,133.4,8.89,-3.4,6,Questionable,17,2,jalen mcmillan,140.6,6,curve,,False,True,0,True,False,1,6,,,0.0,0
178,Mark Andrews,TE,32,BAL,30.0,109.6,7.31,-4.0,2,,44,3,mark andrews,138.4,6,curve,,False,True,-4,False,False,1,1,12.0,15.0,1.0,1
179,Josh Downs,WR,65,IND,25.0,135.2,9.01,-1.6,2,Questionable,47,3,josh downs,99.8,3,yahoo,Q,False,True,-1,False,False,1,1,35.0,39.0,2.0,1
180,Kimani Vidal,RB,63,LAC,24.0,135.3,9.33,0.0,5,,22,2,kimani vidal,150.2,5,curve,,False,True,0,True,False,1,5,,,0.0,0
181,Khalil Shakir,WR,66,BUF,26.0,135.9,9.06,-0.9,1,,47,3,khalil shakir,104.4,12,curve,,False,True,-11,False,False,1,1,,,0.0,0
182,Keon Coleman,WR,67,BUF,23.0,136.4,9.09,-0.4,1,,25,2,keon coleman,,1,curve,,False,False,0,True,True,1,1,,,0.0,0
183,Pharaoh Brown,TE,33,ARI,32.0,30.6,2.04,-83.0,1,,26,3,pharaoh brown,,1,curve,,False,False,0,True,True,0,1,,,0.0,0
184,Chris Manhertz,TE,34,NYG,34.0,30.7,2.05,-82.9,1,,19,3,chris manhertz,,1,curve,,False,False,0,True,True,0,1,,,0.0,0
185,Durham Smythe,TE,35,CHI,31.0,32.4,2.16,-81.2,1,,34,3,durham smythe,,1,curve,,False,False,0,False,True,0,1,,,0.0,0
186,Dare Ogunbowale,RB,64,HOU,32.0,32.6,2.25,-102.7,1,,39,3,dare ogunbowale,,1,curve,,False,False,0,False,True,0,1,,,0.0,0
187,Xavier Gipson,WR,68,PHI,25.0,32.6,2.17,-104.2,1,,40,3,xavier gipson,,1,curve,,False,False,0,False,True,0,1,,,0.0,0
188,Charlie Woerner,TE,36,ATL,28.0,32.6,2.17,-81.0,1,,29,3,charlie woerner,,1,curve,,False,False,0,False,True,0,1,,,0.0,0
189,Eric Saubert,TE,37,SEA,32.0,34.0,2.27,-79.6,1,,24,3,eric saubert,,1,curve,,False,False,0,True,True,0,1,,,0.0,0
190,Reggie Gilliam,RB,65,BUF,28.0,39.7,2.74,-95.6,1,,23,3,reggie gilliam,,1,curve,,False,False,0,True,True,0,1,,,0.0,0
191,Aidan O'Connell,QB,21,LV,27.0,169.0,10.9,-87.2,1,,21,3,aidan oconnell,,1,curve,,False,False,0,True,True,0,1,,,0.0,0
192,Josiah Deguara,TE,38,ARI,29.0,36.2,2.41,-77.4,1,,23,3,josiah deguara,,1,curve,,False,False,0,True,True,0,1,,,0.0,0
193,Devin Duvernay,WR,69,CHI,28.0,27.0,1.8,-109.8,1,,43,3,devin duvernay,,1,curve,,False,False,0,False,True,0,1,,,0.0,0
194,Andrew Ogletree,TE,39,IND,,36.6,2.44,-77.0,1,,34,3,andrew ogletree,,1,curve,,False,False,0,False,True,0,1,,,0.0,0
195,DeeJay Dallas,RB,66,JAX,27.0,36.8,2.54,-98.5,1,,38,3,deejay dallas,,1,curve,,False,False,0,False,True,0,1,,,0.0,0
196,Derius Davis,WR,70,LAC,25.0,37.5,2.5,-99.3,1,,43,3,derius davis,,1,curve,,False,False,0,False,True,0,1,,,0.0,0
197,Charlie Jones,WR,71,CIN,27.0,37.9,2.53,-98.9,1,,32,3,charlie jones,,1,curve,,False,False,0,False,True,0,1,,,0.0,0
198,John Bates,TE,40,WAS,28.0,37.9,2.53,-75.7,1,Questionable,38,3,john bates,,1,curve,,False,False,0,False,True,0,1,,,0.0,0
199,Johnny Mundt,TE,41,JAX,31.0,38.4,2.56,-75.2,1,,36,3,johnny mundt,,1,curve,,False,False,0,False,True,0,1,,,0.0,0
200,Brady Russell,RB,67,SEA,27.0,38.4,2.65,-96.9,1,,24,3,brady russell,,1,curve,,False,False,0,True,True,0,1,,,0.0,0
201,Robert Tonyan,TE,42,KC,32.0,38.4,2.56,-75.2,1,,14,2,robert tonyan,,1,curve,,False,False,0,True,True,0,1,,,0.0,0
202,Luke Farrell,TE,43,SF,28.0,38.6,2.57,-75.0,1,,35,3,luke farrell,,1,curve,,False,False,0,False,True,0,1,,,0.0,0
203,Travis Homer,RB,68,CHI,28.0,38.7,2.67,-96.6,1,,23,3,travis homer,,1,curve,,False,False,0,True,True,0,1,,,0.0,0
204,James Proche,WR,72,TEN,29.0,38.8,2.59,-98.0,1,,25,3,james proche,,1,curve,,False,False,0,True,True,0,1,,,0.0,0
205,Julian Hill,TE,44,MIA,,39.0,2.6,-74.6,1,,35,3,julian hill,,1,curve,,False,False,0,False,True,0,1,,,0.0,0
206,Harrison Bryant,TE,45,HOU,28.0,39.2,2.61,-74.4,1,Questionable,25,3,harrison bryant,,1,curve,,False,False,0,True,True,0,1,,,0.0,0
207,KhaDarel Hodge,WR,73,ATL,31.0,39.4,2.63,-97.4,1,,32,3,khadarel hodge,,1,curve,,False,False,0,False,True,0,1,,,0.0,0
208,Ben Skowronek,WR,74,PIT,29.0,34.6,2.31,-102.2,1,,38,3,ben skowronek,,1,curve,,False,False,0,False,True,0,1,,,0.0,0
209,Jameis Winston,QB,22,NYG,32.0,171.0,11.03,-85.2,1,,20,3,jameis winston,,1,curve,,False,False,0,True,True,0,1,,,0.0,0
210,Tanner McKee,QB,23,PHI,26.0,172.4,11.12,-83.8,1,,6,2,tanner mckee,,1,curve,,False,False,0,True,True,0,1,,,0.0,0
211,Carson Wentz,QB,24,MIN,33.0,174.5,11.26,-81.7,1,,8,3,carson wentz,,1,curve,,False,False,0,True,True,0,1,,,0.0,0
212,Joe Milton III,QB,25,DAL,26.0,174.7,11.27,-81.5,1,,5,2,joe milton,,1,curve,,False,False,0,True,True,0,1,,,0.0,0
213,Spencer Rattler,QB,26,NO,25.0,181.2,11.69,-75.0,1,,16,2,spencer rattler,,1,curve,,False,False,0,True,True,0,1,,,0.0,0
214,Jalen Milroe,QB,27,SEA,23.0,181.4,11.7,-74.8,1,,3,1,jalen milroe,,1,curve,,False,False,0,True,True,0,1,,,0.0,0
215,Mac Jones,QB,28,SF,27.0,184.5,11.9,-71.7,1,,32,3,mac jones,,1,curve,,False,False,0,False,True,0,1,,,0.0,0
216,Jacoby Brissett,QB,29,ARI,33.0,186.0,12.0,-70.2,1,,23,3,jacoby brissett,,1,curve,,False,False,0,True,True,0,1,,,0.0,0
217,Jarrett Stidham,QB,30,DEN,30.0,152.5,9.84,-103.7,1,,5,3,jarrett stidham,,1,curve,,False,False,0,True,True,0,1,,,0.0,0
218,Kirk Cousins,QB,31,ATL,37.0,155.2,10.01,-101.0,1,,32,3,kirk cousins,,1,curve,,False,False,0,False,True,0,1,,,0.0,0
219,Chris Oladokun,QB,32,KC,28.0,155.8,10.05,-100.4,1,,4,2,chris oladokun,,1,curve,,False,False,0,True,True,0,1,,,0.0,0
220,Shedeur Sanders,QB,33,CLE,24.0,188.8,12.18,-67.4,1,,8,1,shedeur sanders,,1,curve,,False,False,0,True,True,0,1,,,0.0,0
221,Riley Leonard,QB,34,IND,23.0,189.6,12.23,-66.6,1,,5,1,riley leonard,,1,curve,,False,False,0,True,True,0,1,,,0.0,0
222,Kedon Slovis,QB,35,ARI,25.0,190.0,12.26,-66.2,1,,2,1,kedon slovis,,1,curve,,False,False,0,True,True,0,1,,,0.0,0
223,Marcus Mariota,QB,36,WAS,32.0,191.9,12.38,-64.3,1,,15,3,marcus mariota,,1,curve,,False,False,0,True,True,0,1,,,0.0,0
224,Shane Buechele,QB,37,KC,28.0,192.5,12.42,-63.7,1,,1,1,shane buechele,,1,curve,,False,False,0,True,True,0,1,,,0.0,0
225,Tua Tagovailoa,QB,38,MIA,28.0,197.2,12.72,-59.0,1,Questionable,42,3,tua tagovailoa,,1,curve,,False,False,0,False,True,0,1,,,0.0,0
226,Adrian Martinez,QB,39,SF,26.0,201.3,12.99,-54.9,1,,1,1,adrian martinez,,1,curve,,False,False,0,True,True,0,1,,,0.0,0
227,J.J. McCarthy,QB,40,MIN,23.0,201.7,13.01,-54.5,1,,10,1,jj mccarthy,,1,curve,,False,False,0,True,True,0,1,,,0.0,0
228,Malik Willis,QB,41,GB,27.0,203.0,13.1,-53.2,2,,12,3,malik willis,155.4,2,yahoo,,False,True,0,True,False,0,2,20.0,21.0,0.0,0
229,Anthony Richardson,QB,42,IND,24.0,203.2,13.11,-53.0,1,,17,3,anthony richardson,,1,curve,,False,False,0,True,True,0,1,,,0.0,0
230,Quinn Ewers,QB,43,MIA,23.0,203.2,13.11,-53.0,1,,4,1,quinn ewers,,1,curve,,False,False,0,True,True,0,1,,,0.0,0
231,Bryce Young,QB,44,CAR,25.0,203.7,13.14,-52.5,1,,46,3,bryce young,,1,curve,,False,False,0,False,True,0,1,24.0,27.0,0.0,0
232,Michael Penix Jr.,QB,45,ATL,26.0,204.6,13.2,-51.6,1,Questionable,14,2,michael penix,,1,curve,,False,False,0,True,True,0,1,,,0.0,0
233,Sam Darnold,QB,46,SEA,29.0,213.6,13.78,-42.6,1,,44,3,sam darnold,145.5,2,yahoo,,False,True,-1,False,False,0,1,23.0,22.0,0.0,0
234,Tyler Shough,QB,47,NO,26.0,215.1,13.88,-41.1,2,,11,1,tyler shough,138.4,2,yahoo,,False,True,0,True,False,0,2,21.0,20.0,0.0,0
235,Tyrod Taylor,QB,48,NYJ,37.0,144.5,9.32,-111.7,1,,18,3,tyrod taylor,,1,curve,,False,False,0,True,True,0,1,,,0.0,0
236,Teddy Bridgewater,QB,49,TB,33.0,144.9,9.35,-111.3,1,,4,2,teddy bridgewater,,1,curve,,False,False,0,True,True,0,1,,,0.0,0
237,Joe Flacco,QB,50,CIN,41.0,150.0,9.68,-106.2,1,,25,3,joe flacco,,1,curve,,False,False,0,True,True,0,1,,,0.0,0
238,Philip Rivers,QB,51,IND,44.0,150.2,9.69,-106.0,1,,3,1,philip rivers,,1,curve,,False,False,0,True,True,0,1,,,0.0,0
239,Drew Lock,QB,52,SEA,29.0,138.1,8.91,-118.1,1,,14,3,drew lock,,1,curve,,False,False,0,True,True,0,1,,,0.0,0
240,Mitchell Trubisky,QB,53,BUF,31.0,138.7,8.95,-117.5,1,,17,3,mitchell trubisky,,1,curve,,False,False,0,True,True,0,1,,,0.0,0
241,Trey Lance,QB,54,LAC,26.0,139.3,8.99,-116.9,1,,8,2,trey lance,,1,curve,,False,False,0,True,True,0,1,,,0.0,0
242,Brandon Allen,QB,55,TEN,33.0,140.6,9.07,-115.6,1,,4,2,brandon allen,,1,curve,,False,False,0,True,True,0,1,,,0.0,0
243,Joshua Dobbs,QB,56,NE,31.0,140.9,9.09,-115.3,1,,19,3,joshua dobbs,,1,curve,,False,False,0,True,True,0,1,,,0.0,0
244,Mason Rudolph,QB,57,PIT,31.0,141.7,9.14,-114.5,1,,17,3,mason rudolph,,1,curve,,False,False,0,True,True,0,1,,,0.0,0
245,Tyson Bagent,QB,58,CHI,26.0,133.6,8.62,-122.6,1,,11,3,tyson bagent,,1,curve,,False,False,0,True,True,0,1,,,0.0,0
246,Max Brosmer,QB,59,MIN,25.0,125.9,8.12,-130.3,1,,7,1,max brosmer,,1,curve,,False,False,0,True,True,0,1,,,0.0,0
247,Jimmy Garoppolo,QB,60,LA,34.0,126.0,8.13,-130.2,1,,11,3,jimmy garoppolo,,1,curve,,False,False,0,True,True,0,1,,,0.0,0
248,Josh Johnson,QB,61,WAS,40.0,129.4,8.35,-126.8,1,,7,2,josh johnson,,1,curve,,False,False,0,True,True,0,1,,,0.0,0
249,Daniel Jones,QB,62,IND,29.0,229.1,14.78,-27.1,1,,29,3,daniel jones,148.7,1,yahoo,,False,True,0,False,False,0,1,22.0,24.0,0.0,0
250,Justin Fields,QB,63,NYJ,27.0,233.4,15.06,-22.8,1,,32,3,justin fields,,1,curve,,False,False,0,False,True,0,1,,,0.0,0
251,Zach Wilson,QB,64,MIA,27.0,112.5,7.26,-143.7,1,,16,2,zach wilson,,1,curve,,False,False,0,True,True,0,1,,,0.0,0
252,Feleipe Franks,TE,46,ATL,28.0,30.4,2.03,-83.2,1,,19,2,feleipe franks,,1,curve,,False,False,0,True,True,0,1,,,0.0,0
253,Quentin Skinner,WR,75,NYJ,24.0,113.7,7.58,-23.1,1,,1,1,quentin skinner,,1,curve,,False,False,0,True,True,0,1,,,0.0,0
254,Kyle Allen,QB,65,DET,30.0,115.2,7.43,-141.0,1,,9,3,kyle allen,,1,curve,,False,False,0,True,True,0,1,,,0.0,0
255,Gardner Minshew,QB,66,KC,30.0,115.6,7.46,-140.6,1,,30,3,gardner minshew,,1,curve,,False,False,0,False,True,0,1,,,0.0,0
256,Andy Dalton,QB,67,CAR,38.0,116.4,7.51,-139.8,1,,12,3,andy dalton,,1,curve,,False,False,0,True,True,0,1,,,0.0,0
257,DeMario Douglas,WR,76,NE,25.0,107.6,7.17,-29.2,1,,46,3,demario douglas,,1,curve,,False,False,0,False,True,0,1,,,0.0,0
258,Tez Johnson,WR,77,TB,24.0,107.7,7.18,-29.1,1,Questionable,15,1,tez johnson,,1,curve,,False,False,0,True,True,0,1,,,0.0,0
259,Pat Bryant,WR,78,DEN,23.0,108.6,7.24,-28.2,1,,13,1,pat bryant,,1,curve,,False,False,0,True,True,0,1,,,0.0,0
260,Marquise Brown,WR,79,KC,29.0,109.4,7.29,-27.4,1,,31,3,marquise brown,,1,curve,,False,False,0,False,True,0,1,,,0.0,0
261,Blake Corum,RB,69,LA,25.0,109.6,7.56,-25.7,1,,32,2,blake corum,119.6,7,yahoo,,False,True,-6,False,False,0,1,35.0,35.0,0.0,0
262,Kareem Hunt,RB,70,KC,30.0,110.1,7.59,-25.2,1,,45,3,kareem hunt,,1,curve,,False,False,0,False,True,0,1,,,0.0,0
263,Corey Kiner,RB,71,ARI,24.0,110.2,7.6,-25.1,1,,4,1,corey kiner,,1,curve,,False,False,0,True,True,0,1,,,0.0,0
264,Austin Ekeler,RB,72,WAS,30.0,110.8,7.64,-24.5,1,,28,3,austin ekeler,,1,curve,,False,False,0,False,True,0,1,,,0.0,0
265,Nick Mullens,QB,68,JAX,31.0,111.6,7.2,-144.6,1,,13,3,nick mullens,,1,curve,,False,False,0,True,True,0,1,,,0.0,0
266,Trey Benson,RB,73,ARI,24.0,111.9,7.72,-23.4,1,,16,2,trey benson,,1,curve,,False,False,0,True,True,0,1,,,0.0,0
267,DJ Giddens,RB,74,IND,22.0,112.2,7.74,-23.1,1,Questionable,5,1,dj giddens,,1,curve,,False,False,0,True,True,0,1,,,0.0,0
268,Brian Robinson,RB,75,SF,27.0,104.3,7.19,-31.0,1,,46,3,brian robinson,,1,curve,,False,False,0,False,True,0,1,,,0.0,0
269,Kalel Mullings,RB,76,TEN,23.0,104.4,7.2,-30.9,1,Questionable,4,1,kalel mullings,,1,curve,,False,False,0,True,True,0,1,,,0.0,0
270,Cooper Rush,QB,69,BAL,32.0,104.5,6.74,-151.7,1,,23,3,cooper rush,,1,curve,,False,False,0,True,True,0,1,,,0.0,0
271,Jordan Watkins,WR,80,SF,24.0,104.6,6.97,-32.2,1,,2,1,jordan watkins,,1,curve,,False,False,0,True,True,0,1,,,0.0,0
272,Jaret Patterson,RB,77,LAC,26.0,104.7,7.22,-30.6,1,,6,1,jaret patterson,,1,curve,,False,False,0,True,True,0,1,,,0.0,0
273,Michael Carter,RB,78,ARI,27.0,105.0,7.24,-30.3,1,,31,3,michael carter,,1,curve,,False,False,0,False,True,0,1,,,0.0,0
274,Jalen Royals,WR,81,KC,23.0,105.6,7.04,-31.2,1,,2,1,jalen royals,,1,curve,,False,False,0,True,True,0,1,,,0.0,0
275,Marvin Mims Jr.,WR,82,DEN,24.0,105.8,7.05,-31.0,1,Questionable,48,3,marvin mims,,1,curve,,False,False,0,False,True,0,1,,,0.0,0
276,Jakobie Keeney-James,WR,83,GB,25.0,106.4,7.09,-30.4,1,,1,1,jakobie keeney james,,1,curve,,False,False,0,True,True,0,1,,,0.0,0
277,Jared Wayne,WR,84,HOU,25.0,107.4,7.16,-29.4,1,,1,1,jared wayne,,1,curve,,False,False,0,True,True,0,1,,,0.0,0
278,Jacoby Jones,WR,85,WAS,25.0,107.4,7.16,-29.4,1,,1,1,jacoby jones,,1,curve,,False,False,0,True,True,0,1,,,0.0,0
279,Dalevon Campbell,WR,86,CAR,24.0,107.6,7.17,-29.2,1,,1,1,dalevon campbell,,1,curve,,False,False,0,True,True,0,1,,,0.0,0
280,Xavier Restrepo,WR,87,TEN,24.0,107.6,7.17,-29.2,1,,2,1,xavier restrepo,,1,curve,,False,False,0,True,True,0,1,,,0.0,0
281,Tank Bigsby,RB,79,PHI,23.0,99.6,6.87,-35.7,2,,44,3,tank bigsby,159.8,2,yahoo,,False,True,0,False,False,0,1,44.0,52.0,2.0,1
282,Owen Wright,RB,80,TB,27.0,99.6,6.87,-35.7,1,,2,1,owen wright,,1,curve,,False,False,0,True,True,0,1,,,0.0,0
283,Cooper Kupp,WR,88,SEA,33.0,100.4,6.69,-36.4,1,,40,3,cooper kupp,156.2,5,curve,,False,True,-4,False,False,0,1,,,0.0,0
284,Darnell Mooney,WR,89,ATL,28.0,100.4,6.69,-36.4,1,,45,3,darnell mooney,,1,curve,,False,False,0,False,True,0,1,,,0.0,0
285,Jahdae Walker,WR,90,CHI,24.0,101.1,6.74,-35.7,1,,6,1,jahdae walker,,1,curve,,False,False,0,True,True,0,1,,,0.0,0
286,Matthew Golden,WR,91,GB,23.0,101.4,6.76,-35.4,9,,14,1,matthew golden,117.4,9,curve,,False,True,0,True,False,0,9,,,0.0,0
287,Isaac TeSlaa,WR,92,DET,24.0,101.6,6.77,-35.2,1,,14,1,isaac teslaa,,1,curve,,False,False,0,True,True,0,1,,,0.0,0
288,Brittain Brown,RB,81,CHI,28.0,101.9,7.03,-33.4,1,,2,1,brittain brown,,1,curve,,False,False,0,True,True,0,1,,,0.0,0
289,Xavier Legette,WR,93,CAR,25.0,102.4,6.83,-34.4,1,,30,2,xavier legette,,1,curve,,False,False,0,False,True,0,1,,,0.0,0
290,Kendre Miller,RB,82,NO,24.0,102.5,7.07,-32.8,1,Questionable,20,3,kendre miller,,1,curve,,False,False,0,True,True,0,1,,,0.0,0
291,Devaughn Vele,WR,94,NO,28.0,102.9,6.86,-33.9,1,,22,2,devaughn vele,,1,curve,,False,False,0,True,True,0,1,,,0.0,0
292,Braelon Allen,RB,83,NYJ,22.0,103.2,7.12,-32.1,1,,21,2,braelon allen,,1,curve,,False,False,0,True,True,0,1,,,0.0,0
293,Dominic Lovett,WR,95,DET,23.0,103.8,6.92,-33.0,1,,2,1,dominic lovett,,1,curve,,False,False,0,True,True,0,1,,,0.0,0
294,Darius Slayton,WR,96,NYG,29.0,96.2,6.41,-40.6,1,,47,3,darius slayton,,1,curve,,False,False,0,False,True,0,1,,,0.0,0
295,Malik Washington,WR,97,MIA,25.0,96.2,6.41,-40.6,1,,31,2,malik washington,157.9,4,curve,,False,True,-3,False,False,0,1,,,0.0,0
296,Robbie Ouzts,RB,84,SEA,,97.2,6.7,-38.1,1,,4,1,robbie ouzts,,1,curve,,False,False,0,True,True,0,1,,,0.0,0
297,Nyheim Hines,RB,85,NO,,97.2,6.7,-38.1,1,,4,1,nyheim hines,,1,curve,,False,False,0,True,True,0,1,,,0.0,0
298,Keaton Mitchell,RB,86,BAL,24.0,97.3,6.71,-38.0,2,,24,3,keaton mitchell,154.1,2,yahoo,,False,True,0,True,False,0,2,,,0.0,0
299,Devin Singletary,RB,87,NYG,28.0,97.4,6.72,-37.9,1,,49,3,devin singletary,,1,curve,,False,False,0,False,True,0,1,,,0.0,0
300,Kenny Pickett,QB,70,LV,28.0,98.4,6.35,-157.8,1,,23,3,kenny pickett,,1,curve,,False,False,0,True,True,0,1,,,0.0,0
301,Tahj Washington,WR,98,MIA,25.0,98.7,6.58,-38.1,1,,2,1,tahj washington,,1,curve,,False,False,0,True,True,0,1,,,0.0,0
302,Rashod Bateman,WR,99,BAL,26.0,98.7,6.58,-38.1,1,,44,3,rashod bateman,134.3,7,curve,,False,True,-6,False,False,0,1,,,0.0,0
303,Ryan Flournoy,WR,100,DAL,26.0,98.8,6.59,-38.0,1,,24,2,ryan flournoy,,1,curve,,False,False,0,True,True,0,1,,,0.0,0
304,Dontayvion Wicks,WR,101,GB,25.0,99.0,6.6,-37.8,1,,45,3,dontayvion wicks,,1,curve,,False,False,0,False,True,0,1,,,0.0,0
305,Jeshaun Jones,WR,102,MIN,26.0,99.0,6.6,-37.8,1,,1,1,jeshaun jones,,1,curve,,False,False,0,True,True,0,1,,,0.0,0
306,Jaylen Wright,RB,88,MIA,23.0,99.0,6.83,-36.3,1,,22,2,jaylen wright,,1,curve,,False,False,0,True,True,0,1,,,0.0,0
307,Elijah Mitchell,RB,89,KC,,92.2,6.36,-43.1,1,,12,2,elijah mitchell,,1,curve,,False,False,0,True,True,0,1,,,0.0,0
308,Jalen Nailor,WR,103,MIN,27.0,92.4,6.16,-44.4,1,,35,3,jalen nailor,144.2,6,curve,,False,True,-5,False,False,0,1,,,0.0,0
309,Clayton Tune,QB,71,GB,27.0,92.7,5.98,-163.5,1,,13,3,clayton tune,,1,curve,,False,False,0,True,True,0,1,,,0.0,0
310,Ollie Gordon II,RB,90,MIA,22.0,92.8,6.4,-42.5,1,,17,1,ollie gordon,,1,curve,,False,False,0,True,True,0,1,,,0.0,0
311,Jaleel McLaughlin,RB,91,DEN,25.0,93.1,6.42,-42.2,1,,41,3,jaleel mclaughlin,,1,curve,,False,False,0,False,True,0,1,,,0.0,0
312,Antonio Gibson,RB,92,NE,27.0,93.7,6.46,-41.6,1,Questionable,38,3,antonio gibson,,1,curve,,False,False,0,False,True,0,1,,,0.0,0
313,Jalen Moreno-Cropper,WR,104,DAL,25.0,94.6,6.31,-42.2,1,,2,1,jalen moreno cropper,,1,curve,,False,False,0,True,True,0,1,,,0.0,0
314,Andrei Iosivas,WR,105,CIN,26.0,94.6,6.31,-42.2,1,,43,3,andrei iosivas,,1,curve,,False,False,0,False,True,0,1,,,0.0,0
315,Gabe Davis,WR,106,BUF,26.0,95.0,6.33,-41.8,1,Questionable,32,3,gabe davis,,1,curve,,False,False,0,False,True,0,1,,,0.0,0
316,Tyquan Thornton,WR,107,KC,26.0,95.1,6.34,-41.7,1,,25,3,tyquan thornton,,1,curve,,False,False,0,True,True,0,1,,,0.0,0
317,Terrell Jennings,RB,93,NE,25.0,95.4,6.58,-39.9,1,,8,2,terrell jennings,,1,curve,,False,False,0,True,True,0,1,,,0.0,0
318,Shedrick Jackson,WR,108,LV,26.0,95.4,6.36,-41.4,1,,5,2,shedrick jackson,,1,curve,,False,False,0,True,True,0,1,,,0.0,0
319,Coleman Owen,WR,109,IND,25.0,95.8,6.39,-41.0,1,,2,1,coleman owen,,1,curve,,False,False,0,True,True,0,1,,,0.0,0
320,Sean Tucker,RB,94,TB,24.0,95.8,6.61,-39.5,1,,37,3,sean tucker,,1,curve,,False,False,0,False,True,0,1,,,0.0,0
321,Jerome Ford,RB,95,CLE,26.0,96.0,6.62,-39.3,1,,44,3,jerome ford,,1,curve,,False,False,0,False,True,0,1,,,0.0,0
322,Kyle Williams,WR,110,NE,23.0,89.1,5.94,-47.7,1,,14,1,kyle williams,,1,curve,,False,False,0,True,True,0,1,,,0.0,0
323,Evan Hull,RB,96,NO,25.0,89.2,6.15,-46.1,1,,7,2,evan hull,,1,curve,,False,False,0,True,True,0,1,,,0.0,0
324,Ray Davis,RB,97,BUF,26.0,89.3,6.16,-46.0,1,,34,2,ray davis,,1,curve,,False,False,0,False,True,0,1,,,0.0,0
325,Dalen Cambre,WR,111,NYG,25.0,89.6,5.97,-47.2,1,,3,1,dalen cambre,,1,curve,,False,False,0,True,True,0,1,,,0.0,0
326,Justice Hill,RB,98,BAL,28.0,89.8,6.19,-45.5,1,,41,3,justice hill,,1,curve,,False,False,0,False,True,0,1,,,0.0,0
327,Jaylin Noel,WR,112,HOU,23.0,90.3,6.02,-46.5,1,,17,1,jaylin noel,,1,curve,,False,False,0,True,True,0,1,,,0.0,0
328,Tay Martin,WR,113,WAS,28.0,90.8,6.05,-46.0,1,,3,2,tay martin,,1,curve,,False,False,0,True,True,0,1,,,0.0,0
329,Roman Wilson,WR,114,PIT,25.0,90.8,6.05,-46.0,1,,9,1,roman wilson,,1,curve,,False,False,0,True,True,0,1,,,0.0,0
330,Christian Kirk,WR,115,HOU,29.0,90.9,6.06,-45.9,1,Questionable,31,3,christian kirk,,1,curve,,False,False,0,False,True,0,1,,,0.0,0
331,Isaiah Bond,WR,116,CLE,22.0,91.1,6.07,-45.7,1,,15,1,isaiah bond,,1,curve,,False,False,0,True,True,0,1,,,0.0,0
332,Emanuel Wilson,RB,99,GB,27.0,91.4,6.3,-43.9,1,,39,3,emanuel wilson,,1,curve,,False,False,0,False,True,0,1,,,0.0,0
333,Cedric Tillman,WR,117,CLE,26.0,91.5,6.1,-45.3,1,,32,3,cedric tillman,,1,curve,,False,False,0,False,True,0,1,,,0.0,0
334,Devontez Walker,WR,118,BAL,25.0,91.6,6.11,-45.2,1,,11,2,devontez walker,,1,curve,,False,False,0,True,True,0,1,,,0.0,0
335,Darius Cooper,WR,119,PHI,24.0,92.0,6.13,-44.8,1,,6,1,darius cooper,,1,curve,,False,False,0,True,True,0,1,,,0.0,0
336,Malik Davis,RB,100,DAL,27.0,92.2,6.36,-43.1,1,,11,2,malik davis,,1,curve,,False,False,0,True,True,0,1,,,0.0,0
337,Brashard Smith,RB,101,KC,23.0,87.1,6.01,-48.2,1,,17,1,brashard smith,,1,curve,,False,False,0,True,True,0,1,,,0.0,0
338,Miles Sanders,RB,102,DAL,28.0,87.4,6.03,-47.9,1,,31,3,miles sanders,,1,curve,,False,False,0,False,True,0,1,,,0.0,0
339,Gunnar Helm,TE,47,TEN,23.0,87.8,5.85,-25.8,1,,16,1,gunnar helm,,1,curve,,False,False,0,True,True,0,1,,,0.0,0
340,Kaden Davis,WR,120,CLE,27.0,87.9,5.86,-48.9,1,,2,2,kaden davis,,1,curve,,False,False,0,True,True,0,1,,,0.0,0
341,Tyrell Shavers,WR,121,BUF,26.0,87.9,5.86,-48.9,1,PUP,12,2,tyrell shavers,,1,curve,,False,False,0,True,True,0,1,,,0.0,0
342,Malik Cunningham,WR,122,DET,27.0,87.9,5.86,-48.9,1,,2,2,malik cunningham,,1,curve,,False,False,0,True,True,0,1,,,0.0,0
343,Kevin Austin Jr.,WR,123,NO,26.0,87.9,5.86,-48.9,1,,13,2,kevin austin,,1,curve,,False,False,0,True,True,0,1,,,0.0,0
344,Calvin Austin III,WR,124,PIT,27.0,88.6,5.91,-48.2,1,,47,3,calvin austin,,1,curve,,False,False,0,False,True,0,1,,,0.0,0
345,Tre Harris,WR,125,LAC,24.0,88.6,5.91,-48.2,1,,16,1,tre harris,,1,curve,,False,False,0,True,True,0,1,,,0.0,0
346,Cam Akers,RB,103,SEA,26.0,88.6,6.11,-46.7,1,,27,3,cam akers,,1,curve,,False,False,0,True,True,0,1,,,0.0,0
347,Cole Kmet,TE,48,CHI,27.0,88.6,5.91,-25.0,1,,48,3,cole kmet,,1,curve,,False,False,0,False,True,0,1,,,0.0,0
348,Adonai Mitchell,WR,126,NYJ,23.0,88.6,5.91,-48.2,1,,33,2,adonai mitchell,158.8,4,curve,,False,True,-3,False,False,0,1,,,0.0,0
349,Jonnu Smith,TE,49,PIT,30.0,88.8,5.92,-24.8,1,,51,3,jonnu smith,,1,curve,,False,False,0,False,True,0,1,,,0.0,0
350,Evan Engram,TE,50,DEN,31.0,88.8,5.92,-24.8,1,,42,3,evan engram,,1,curve,,False,False,0,False,True,0,1,,,0.0,0
351,Josh Palmer,WR,127,BUF,,88.8,5.92,-48.0,1,,37,3,josh palmer,,1,curve,,False,False,0,False,True,0,1,,,0.0,0
352,Tutu Atwell,WR,128,LA,26.0,88.9,5.93,-47.9,1,,37,3,tutu atwell,,1,curve,,False,False,0,False,True,0,1,,,0.0,0
353,Efton Chism III,WR,129,NE,24.0,83.2,5.55,-53.6,1,,8,1,efton chism,,1,curve,,False,False,0,True,True,0,1,,,0.0,0
354,Mitchell Tinsley,WR,130,CIN,,83.4,5.56,-53.4,1,,8,1,mitchell tinsley,,1,curve,,False,False,0,True,True,0,1,,,0.0,0
355,Konata Mumpfield,WR,131,LA,23.0,83.7,5.58,-53.1,1,,10,1,konata mumpfield,,1,curve,,False,False,0,True,True,0,1,,,0.0,0
356,Jalen Tolbert,WR,132,DAL,27.0,84.0,5.6,-52.8,1,,43,3,jalen tolbert,,1,curve,,False,False,0,False,True,0,1,,,0.0,0
357,Jaylin Lane,WR,133,WAS,24.0,84.2,5.61,-52.6,1,,15,1,jaylin lane,,1,curve,,False,False,0,True,True,0,1,,,0.0,0
358,Kendrick Bourne,WR,134,SF,31.0,84.3,5.62,-52.5,1,,34,3,kendrick bourne,,1,curve,,False,False,0,False,True,0,1,,,0.0,0
359,Greg Dulcich,TE,51,MIA,26.0,84.4,5.63,-29.2,1,,15,3,greg dulcich,,1,curve,,False,False,0,True,True,0,1,23.0,28.0,0.0,0
360,Isaiah Davis,RB,104,NYJ,24.0,84.4,5.82,-50.9,1,Questionable,29,2,isaiah davis,,1,curve,,False,False,0,False,True,0,1,,,0.0,0
361,Nick Chubb,RB,105,HOU,30.0,84.7,5.84,-50.6,1,,25,3,nick chubb,,1,curve,,False,False,0,True,True,0,1,,,0.0,0
362,Kaleb Johnson,RB,106,PIT,22.0,84.7,5.84,-50.6,1,,10,1,kaleb johnson,,1,curve,,False,False,0,True,True,0,1,,,0.0,0
363,Moliki Matavao,TE,52,NO,23.0,84.9,5.66,-28.7,1,,1,1,moliki matavao,,1,curve,,False,False,0,True,True,0,1,,,0.0,0
364,Luke McCaffrey,WR,135,WAS,25.0,84.9,5.66,-51.9,1,,22,2,luke mccaffrey,,1,curve,,False,False,0,True,True,0,1,,,0.0,0
365,Terrance Ferguson,TE,53,LA,23.0,85.4,5.69,-28.2,1,,11,1,terrance ferguson,,1,curve,,False,False,0,True,True,0,1,24.0,26.0,0.0,0
366,Casey Washington,WR,136,ATL,25.0,85.8,5.72,-51.0,1,,7,2,casey washington,,1,curve,,False,False,0,True,True,0,1,,,0.0,0
367,Noah Brown,WR,137,WAS,30.0,86.7,5.78,-50.1,1,Questionable,25,3,noah brown,,1,curve,,False,False,0,True,True,0,1,,,0.0,0
368,Jimmy Horn Jr.,WR,138,CAR,23.0,86.8,5.79,-50.0,1,,10,1,jimmy horn,,1,curve,,False,False,0,True,True,0,1,,,0.0,0
369,John Metchie III,WR,139,NYJ,26.0,79.6,5.31,-57.2,1,,37,3,john metchie,122.2,8,curve,,False,True,-7,False,False,0,1,,,0.0,0
370,Ty Johnson,RB,107,BUF,28.0,79.9,5.51,-55.4,1,Questionable,43,3,ty johnson,,1,curve,,False,False,0,False,True,0,1,,,0.0,0
371,Malik Turner,WR,140,SF,30.0,80.1,5.34,-56.7,1,,2,1,malik turner,,1,curve,,False,False,0,True,True,0,1,,,0.0,0
372,Beaux Collins,WR,141,NYG,,80.6,5.37,-56.2,1,,4,1,beaux collins,,1,curve,,False,False,0,True,True,0,1,,,0.0,0
373,Olamide Zaccheaus,WR,142,CHI,29.0,80.8,5.39,-56.0,1,,41,3,olamide zaccheaus,,1,curve,,False,False,0,False,True,0,1,,,0.0,0
374,Jack Bech,WR,143,LV,23.0,80.8,5.39,-56.0,1,,14,1,jack bech,,1,curve,,False,False,0,True,True,0,1,,,0.0,0
375,Zavier Scott,RB,108,MIN,27.0,80.8,5.57,-54.5,1,,11,1,zavier scott,,1,curve,,False,False,0,True,True,0,1,,,0.0,0
376,Chris Blair,WR,144,ATL,28.0,81.3,5.42,-55.5,1,,3,2,chris blair,,1,curve,,False,False,0,True,True,0,1,,,0.0,0
377,Michael Bandy,WR,145,DEN,28.0,81.3,5.42,-55.5,1,,5,2,michael bandy,,1,curve,,False,False,0,True,True,0,1,,,0.0,0
378,Clyde Edwards-Helaire,RB,109,KC,26.0,81.8,5.64,-53.5,1,,19,3,clyde edwards helaire,,1,curve,,False,False,0,True,True,0,1,,,0.0,0
379,Drake Dabney,TE,54,GB,24.0,81.9,5.46,-31.7,1,,1,1,drake dabney,,1,curve,,False,False,0,True,True,0,1,,,0.0,0
380,Tyler Higbee,TE,55,LA,33.0,82.2,5.48,-31.4,1,,28,3,tyler higbee,,1,curve,,False,False,0,False,True,0,1,,,0.0,0
381,Thomas Fidone II,TE,56,NYG,23.0,82.2,5.48,-31.4,1,,1,1,thomas fidone,,1,curve,,False,False,0,True,True,0,1,,,0.0,0
382,Mike Gesicki,TE,57,CIN,30.0,82.2,5.48,-31.4,1,,43,3,mike gesicki,,1,curve,,False,False,0,False,True,0,1,,,0.0,0
383,Mack Hollins,WR,146,NE,32.0,82.5,5.5,-54.3,1,,43,3,mack hollins,,1,curve,,False,False,0,False,True,0,1,,,0.0,0
384,Elijah Moore,WR,147,BUF,26.0,82.6,5.51,-54.2,1,,42,3,elijah moore,,1,curve,,False,False,0,False,True,0,1,,,0.0,0
385,Darnell Washington,TE,58,PIT,24.0,76.2,5.08,-37.4,1,,34,3,darnell washington,,1,curve,,False,False,0,False,True,0,1,,,0.0,0
386,Michael Mayer,TE,59,LV,25.0,76.4,5.09,-37.2,1,,37,3,michael mayer,,1,curve,,False,False,0,False,True,0,1,,,0.0,0
387,Albert Okwuegbunam,TE,60,LV,28.0,76.5,5.1,-37.1,1,,2,2,albert okwuegbunam,,1,curve,,False,False,0,True,True,0,1,,,0.0,0
388,Demarcus Robinson,WR,148,SF,31.0,76.8,5.12,-60.0,1,,39,3,demarcus robinson,,1,curve,,False,False,0,False,True,0,1,,,0.0,0
389,Roschon Johnson,RB,110,CHI,25.0,76.8,5.3,-58.5,1,,34,3,roschon johnson,,1,curve,,False,False,0,False,True,0,1,,,0.0,0
390,Greg Dortch,WR,149,ARI,28.0,77.1,5.14,-59.7,1,,45,3,greg dortch,,1,curve,,False,False,0,False,True,0,1,,,0.0,0
391,Dawson Knox,TE,61,BUF,29.0,77.7,5.18,-35.9,1,,40,3,dawson knox,,1,curve,,False,False,0,False,True,0,1,,,0.0,0
392,Hayden Rucci,TE,62,MIA,25.0,78.0,5.2,-35.6,1,,1,1,hayden rucci,,1,curve,,False,False,0,True,True,0,1,,,0.0,0
393,Noah Fant,TE,63,CIN,28.0,78.0,5.2,-35.6,1,,42,3,noah fant,,1,curve,,False,False,0,False,True,0,1,,,0.0,0
394,Tyler Johnson,WR,150,NYJ,27.0,78.3,5.22,-58.5,1,,21,3,tyler johnson,,1,curve,,False,False,0,True,True,0,1,,,0.0,0
395,Keleki Latu,TE,64,BUF,23.0,78.6,5.24,-35.0,1,,3,1,keleki latu,,1,curve,,False,False,0,True,True,0,1,,,0.0,0
396,Dylan Drummond,WR,151,ATL,26.0,78.6,5.24,-58.2,1,,6,1,dylan drummond,,1,curve,,False,False,0,True,True,0,1,,,0.0,0
397,Myles Gaskin,RB,111,SEA,28.0,78.6,5.42,-56.7,1,,5,2,myles gaskin,,1,curve,,False,False,0,True,True,0,1,,,0.0,0
398,Dont'e Thornton Jr.,WR,152,LV,23.0,78.8,5.25,-58.0,1,Questionable,11,1,donte thornton,,1,curve,,False,False,0,True,True,0,1,,,0.0,0
399,KaVontae Turpin,WR,153,DAL,30.0,79.2,5.28,-57.6,1,,48,3,kavontae turpin,,1,curve,,False,False,0,False,True,0,1,,,0.0,0
400,Emari Demercado,RB,112,ARI,27.0,79.6,5.49,-55.7,1,,36,3,emari demercado,,1,curve,,False,False,0,False,True,0,1,,,0.0,0
401,Curtis Samuel,WR,154,BUF,29.0,72.9,4.86,-63.9,1,,36,3,curtis samuel,,1,curve,,False,False,0,False,True,0,1,,,0.0,0
402,Jackson Hawes,TE,65,BUF,25.0,72.9,4.86,-40.7,1,,13,1,jackson hawes,,1,curve,,False,False,0,True,True,0,1,,,0.0,0
403,Zamir White,RB,113,LV,26.0,73.1,5.04,-62.2,1,,26,3,zamir white,,1,curve,,False,False,0,True,True,0,1,,,0.0,0
404,Jordan Mims,RB,114,TEN,27.0,73.4,5.06,-61.9,1,,11,3,jordan mims,,1,curve,,False,False,0,True,True,0,1,,,0.0,0
405,Josh Reynolds,WR,155,NYJ,31.0,73.4,4.89,-63.4,1,Questionable,29,3,josh reynolds,,1,curve,,False,False,0,False,True,0,1,,,0.0,0
406,Xavier Weaver,WR,156,ARI,25.0,73.4,4.89,-63.4,1,Questionable,9,2,xavier weaver,,1,curve,,False,False,0,True,True,0,1,,,0.0,0
407,Savion Williams,WR,157,GB,24.0,73.5,4.9,-63.3,1,,12,1,savion williams,,1,curve,,False,False,0,True,True,0,1,,,0.0,0
408,Ja'Tavion Sanders,TE,66,CAR,23.0,73.6,4.91,-40.0,1,,27,2,jatavion sanders,,1,curve,,False,False,0,True,True,0,1,,,0.0,0
409,LeQuint Allen Jr.,RB,115,JAX,22.0,73.7,5.08,-61.6,1,,16,1,lequint allen,,1,curve,,False,False,0,True,True,0,1,,,0.0,0
410,British Brooks,RB,116,HOU,26.0,74.4,5.13,-60.9,1,Questionable,10,2,british brooks,,1,curve,,False,False,0,True,True,0,1,,,0.0,0
411,Xavier Hutchinson,WR,158,HOU,26.0,74.4,4.96,-62.4,1,,42,3,xavier hutchinson,,1,curve,,False,False,0,False,True,0,1,,,0.0,0
412,KeAndre Lambert-Smith,WR,159,LAC,24.0,74.7,4.98,-62.1,1,,10,1,keandre lambert smith,,1,curve,,False,False,0,True,True,0,1,,,0.0,0
413,Allen Lazard,WR,160,NYJ,30.0,74.7,4.98,-62.1,1,,35,3,allen lazard,,1,curve,,False,False,0,False,True,0,1,,,0.0,0
414,Dameon Pierce,RB,117,KC,26.0,75.5,5.21,-59.8,1,Questionable,29,3,dameon pierce,,1,curve,,False,False,0,False,True,0,1,,,0.0,0
415,George Holani,RB,118,SEA,26.0,75.8,5.23,-59.5,1,,13,2,george holani,,1,curve,,False,False,0,True,True,0,1,,,0.0,0
416,DeAndre Hopkins,WR,161,BAL,33.0,76.1,5.07,-60.7,1,,50,3,deandre hopkins,,1,curve,,False,False,0,False,True,0,1,,,0.0,0
417,Isaiah Williams,WR,162,NYJ,25.0,70.6,4.71,-66.2,1,,23,2,isaiah williams,,1,curve,,False,False,0,True,True,0,1,,,0.0,0
418,Adam Thielen,WR,163,PIT,35.0,70.8,4.72,-66.0,1,,41,3,adam thielen,,1,curve,,False,False,0,False,True,0,1,,,0.0,0
419,David Sills,WR,164,ATL,30.0,70.8,4.72,-66.0,1,,12,1,david sills,,1,curve,,False,False,0,True,True,0,1,,,0.0,0
420,Lil'Jordan Humphrey,WR,165,DEN,28.0,70.8,4.72,-66.0,1,,32,3,liljordan humphrey,,1,curve,,False,False,0,False,True,0,1,,,0.0,0
421,AJ Dillon,RB,119,PHI,28.0,71.2,4.91,-64.1,1,,21,2,aj dillon,,1,curve,,False,False,0,True,True,0,1,,,0.0,0
422,Gary Brightwell,RB,120,CIN,28.0,71.2,4.91,-64.1,1,,7,3,gary brightwell,,1,curve,,False,False,0,True,True,0,1,,,0.0,0
423,Ray-Ray McCloud,WR,166,NYG,29.0,71.4,4.76,-65.4,1,,35,3,ray ray mccloud,,1,curve,,False,False,0,False,True,0,1,,,0.0,0
424,Tahj Brooks,RB,121,CIN,24.0,71.6,4.94,-63.7,1,,12,1,tahj brooks,,1,curve,,False,False,0,True,True,0,1,,,0.0,0
425,Isaiah Hodgins,WR,167,NYG,27.0,71.7,4.78,-65.1,1,,22,3,isaiah hodgins,,1,curve,,False,False,0,True,True,0,1,,,0.0,0
426,Cody White,WR,168,SEA,27.0,71.8,4.79,-65.0,1,,10,2,cody white,,1,curve,,False,False,0,True,True,0,1,,,0.0,0
427,Travis Vokolek,TE,67,ARI,27.0,72.4,4.83,-41.2,1,,1,1,travis vokolek,,1,curve,,False,False,0,True,True,0,1,,,0.0,0
428,Isaac Guerendo,RB,122,SF,26.0,72.4,4.99,-62.9,1,PUP,23,2,isaac guerendo,,1,curve,,False,False,0,True,True,0,1,,,0.0,0
429,Taysom Hill,TE,68,NO,35.0,72.6,4.84,-41.0,1,,37,3,taysom hill,,1,curve,,False,False,0,False,True,0,1,,,0.0,0
430,Hunter Renfrow,WR,169,CAR,30.0,72.8,4.85,-64.0,1,,20,2,hunter renfrow,,1,curve,,False,False,0,True,True,0,1,,,0.0,0
431,Zay Jones,WR,170,ARI,30.0,72.8,4.85,-64.0,1,,21,3,zay jones,,1,curve,,False,False,0,True,True,0,1,,,0.0,0
432,Brandin Cooks,WR,171,BUF,32.0,72.9,4.86,-63.9,1,,39,3,brandin cooks,,1,curve,,False,False,0,False,True,0,1,,,0.0,0
433,Nick Westbrook-Ikhine,WR,172,MIA,29.0,68.2,4.55,-68.6,1,,40,3,nick westbrook ikhine,,1,curve,,False,False,0,False,True,0,1,,,0.0,0
434,Jakob Johnson,RB,123,HOU,,68.2,4.7,-67.1,1,,11,3,jakob johnson,,1,curve,,False,False,0,True,True,0,1,,,0.0,0
435,Jelani Woods,TE,69,NYJ,27.0,68.2,4.55,-45.4,1,,2,1,jelani woods,,1,curve,,False,False,0,True,True,0,1,,,0.0,0
436,Zaire Mitchell-Paden,TE,70,NO,26.0,68.4,4.56,-45.2,1,,3,1,zaire mitchell paden,,1,curve,,False,False,0,True,True,0,1,,,0.0,0
437,E.J. Jenkins,TE,71,PHI,27.0,68.4,4.56,-45.2,1,,3,2,ej jenkins,,1,curve,,False,False,0,True,True,0,1,,,0.0,0
438,Jacob Saylors,RB,124,DET,25.0,68.6,4.73,-66.7,1,,11,1,jacob saylors,,1,curve,,False,False,0,True,True,0,1,,,0.0,0
439,Carter Runyon,TE,72,LV,25.0,68.6,4.57,-45.0,1,,3,1,carter runyon,,1,curve,,False,False,0,True,True,0,1,,,0.0,0
440,Devin Culp,TE,73,TB,26.0,68.7,4.58,-44.9,1,,6,2,devin culp,,1,curve,,False,False,0,True,True,0,1,,,0.0,0
441,Sterling Shepard,WR,173,TB,33.0,69.0,4.6,-67.8,1,,36,3,sterling shepard,,1,curve,,False,False,0,False,True,0,1,,,0.0,0
442,Jason Brownlee,WR,174,KC,27.0,69.2,4.61,-67.6,1,,7,2,jason brownlee,,1,curve,,False,False,0,True,True,0,1,,,0.0,0
443,Mitchell Evans,TE,74,CAR,23.0,69.3,4.62,-44.3,1,,14,1,mitchell evans,,1,curve,,False,False,0,True,True,0,1,,,0.0,0
444,Dyami Brown,WR,175,JAX,26.0,69.6,4.64,-67.2,1,,42,3,dyami brown,,1,curve,,False,False,0,False,True,0,1,,,0.0,0
445,Andre Baccellia,WR,176,ARI,29.0,69.9,4.66,-66.9,1,Questionable,5,2,andre baccellia,,1,curve,,False,False,0,True,True,0,1,,,0.0,0
446,Jared Wiley,TE,75,KC,25.0,70.0,4.67,-43.6,1,,3,2,jared wiley,,1,curve,,False,False,0,True,True,0,1,,,0.0,0
447,Tyler Conklin,TE,76,LAC,31.0,70.0,4.67,-43.6,1,,39,3,tyler conklin,,1,curve,,False,False,0,False,True,0,1,,,0.0,0
448,Malachi Corley,WR,177,CLE,24.0,70.2,4.68,-66.6,1,,17,2,malachi corley,,1,curve,,False,False,0,True,True,0,1,,,0.0,0
449,Van Jefferson,WR,178,TEN,30.0,65.6,4.37,-71.2,1,,43,3,van jefferson,,1,curve,,False,False,0,False,True,0,1,,,0.0,0
450,Kalif Raymond,WR,179,DET,32.0,65.6,4.37,-71.2,1,,44,3,kalif raymond,,1,curve,,False,False,0,False,True,0,1,,,0.0,0
451,Sal Cannella,TE,77,CLE,29.0,65.6,4.37,-48.0,1,,2,1,sal cannella,,1,curve,,False,False,0,True,True,0,1,,,0.0,0
452,Samaje Perine,RB,125,CIN,30.0,66.0,4.55,-69.3,1,,49,3,samaje perine,,1,curve,,False,False,0,False,True,0,1,,,0.0,0
453,Josh Oliver,TE,78,MIN,29.0,66.3,4.42,-47.3,1,,37,3,josh oliver,,1,curve,,False,False,0,False,True,0,1,,,0.0,0
454,Daniel Bellinger,TE,79,NYG,25.0,66.6,4.44,-47.0,1,,39,3,daniel bellinger,,1,curve,,False,False,0,False,True,0,1,,,0.0,0
455,Ronnie Bell,WR,180,NO,26.0,66.6,4.44,-70.2,1,,19,3,ronnie bell,,1,curve,,False,False,0,True,True,0,1,,,0.0,0
456,Malik Heath,WR,181,GB,25.0,66.6,4.44,-70.2,1,,24,3,malik heath,,1,curve,,False,False,0,True,True,0,1,,,0.0,0
457,Shane Zylstra,TE,80,DET,29.0,66.6,4.44,-47.0,1,,3,2,shane zylstra,,1,curve,,False,False,0,True,True,0,1,,,0.0,0
458,JuJu Smith-Schuster,WR,182,KC,29.0,67.0,4.47,-69.8,1,Questionable,39,3,juju smith schuster,,1,curve,,False,False,0,False,True,0,1,,,0.0,0
459,Jahan Dotson,WR,183,PHI,26.0,67.0,4.47,-69.8,1,,46,3,jahan dotson,,1,curve,,False,False,0,False,True,0,1,,,0.0,0
460,Treylon Burks,WR,184,WAS,26.0,67.2,4.48,-69.6,1,,22,3,treylon burks,,1,curve,,False,False,0,True,True,0,1,,,0.0,0
461,Tommy Tremble,TE,81,CAR,26.0,67.4,4.49,-46.2,1,,40,3,tommy tremble,,1,curve,,False,False,0,False,True,0,1,,,0.0,0
462,Tyler Lockett,WR,185,LV,33.0,67.6,4.51,-69.2,1,,51,3,tyler lockett,,1,curve,,False,False,0,False,True,0,1,,,0.0,0
463,Bryce Oliver,WR,186,TEN,26.0,68.0,4.53,-68.8,1,,10,2,bryce oliver,,1,curve,,False,False,0,True,True,0,1,,,0.0,0
464,James Mitchell,TE,82,CAR,27.0,68.1,4.54,-45.5,1,,4,2,james mitchell,,1,curve,,False,False,0,True,True,0,1,,,0.0,0
465,Nick Kallerup,TE,83,SEA,25.0,63.4,4.23,-50.2,1,,4,1,nick kallerup,,1,curve,,False,False,0,True,True,0,1,,,0.0,0
466,Justin Watson,WR,187,HOU,30.0,63.4,4.23,-73.4,1,,33,3,justin watson,,1,curve,,False,False,0,False,True,0,1,,,0.0,0
467,Tyler Badie,RB,126,DEN,26.0,63.7,4.39,-71.6,1,,19,2,tyler badie,,1,curve,,False,False,0,True,True,0,1,,,0.0,0
468,Marquez Valdes-Scantling,WR,188,PIT,31.0,63.8,4.25,-73.0,1,Questionable,38,3,marquez valdes scantling,,1,curve,,False,False,0,False,True,0,1,,,0.0,0
469,Arian Smith,WR,189,NYJ,24.0,63.9,4.26,-72.9,1,,13,1,arian smith,,1,curve,,False,False,0,True,True,0,1,,,0.0,0
470,Tai Felton,WR,190,MIN,23.0,63.9,4.26,-72.9,1,,12,1,tai felton,,1,curve,,False,False,0,True,True,0,1,,,0.0,0
471,David Moore,WR,191,CAR,31.0,63.9,4.26,-72.9,1,,24,3,david moore,,1,curve,,False,False,0,True,True,0,1,,,0.0,0
472,Elijah Arroyo,TE,84,SEA,23.0,64.0,4.27,-49.6,1,,13,1,elijah arroyo,,1,curve,,False,False,0,True,True,0,1,,,0.0,0
473,Austin Hooper,TE,85,NE,31.0,64.0,4.27,-49.6,1,,46,3,austin hooper,,1,curve,,False,False,0,False,True,0,1,,,0.0,0
474,Robbie Chosen,WR,192,WAS,32.0,64.0,4.27,-72.8,1,,10,3,robbie chosen,,1,curve,,False,False,0,True,True,0,1,,,0.0,0
475,Princeton Fant,TE,86,DAL,,64.6,4.31,-49.0,1,,2,2,princeton fant,,1,curve,,False,False,0,True,True,0,1,,,0.0,0
476,Trevor Etienne,RB,127,CAR,22.0,65.0,4.48,-70.3,1,,17,1,trevor etienne,,1,curve,,False,False,0,True,True,0,1,,,0.0,0
477,Samori Toure,WR,193,NO,28.0,65.0,4.33,-71.8,1,,9,2,samori toure,,1,curve,,False,False,0,True,True,0,1,,,0.0,0
478,Tim Patrick,WR,194,JAX,32.0,65.1,4.34,-71.7,1,,28,2,tim patrick,,1,curve,,False,False,0,False,True,0,1,,,0.0,0
479,Mason Tipton,WR,195,NO,25.0,65.1,4.34,-71.7,1,PUP,17,2,mason tipton,,1,curve,,False,False,0,True,True,0,1,,,0.0,0
480,Khalil Herbert,RB,128,NYJ,28.0,65.4,4.51,-69.9,1,,28,3,khalil herbert,,1,curve,,False,False,0,False,True,0,1,,,0.0,0
481,Chris Moore,WR,196,WAS,33.0,60.4,4.03,-76.4,1,,25,2,chris moore,,1,curve,,False,False,0,True,True,0,1,,,0.0,0
482,Jeremy McNichols,RB,129,WAS,30.0,60.5,4.17,-74.8,1,Questionable,33,3,jeremy mcnichols,,1,curve,,False,False,0,False,True,0,1,,,0.0,0
483,Will Dissly,TE,87,LAC,29.0,60.6,4.04,-53.0,1,Questionable,36,3,will dissly,,1,curve,,False,False,0,False,True,0,1,,,0.0,0
484,Rasheen Ali,RB,130,BAL,25.0,60.8,4.19,-74.5,1,,20,2,rasheen ali,,1,curve,,False,False,0,True,True,0,1,,,0.0,0
485,Tanner Hudson,TE,88,CIN,31.0,60.8,4.05,-52.8,1,,31,3,tanner hudson,,1,curve,,False,False,0,False,True,0,1,,,0.0,0
486,Ben Yurosek,TE,89,MIN,24.0,60.9,4.06,-52.7,1,,6,1,ben yurosek,,1,curve,,False,False,0,True,True,0,1,,,0.0,0
487,Ryan Miller,WR,197,TB,26.0,61.4,4.09,-75.4,1,,18,2,ryan miller,,1,curve,,False,False,0,True,True,0,1,,,0.0,0
488,Jamari Thrash,WR,198,CLE,,61.5,4.1,-75.3,1,,14,2,jamari thrash,,1,curve,,False,False,0,True,True,0,1,,,0.0,0
489,Ben Sinnott,TE,90,WAS,24.0,61.6,4.11,-52.0,1,,16,2,ben sinnott,,1,curve,,False,False,0,True,True,0,1,,,0.0,0
490,Ty Chandler,RB,131,MIN,28.0,61.8,4.26,-73.5,1,,33,3,ty chandler,,1,curve,,False,False,0,False,True,0,1,,,0.0,0
491,Brenden Bates,TE,91,CLE,26.0,61.8,4.12,-51.8,1,,6,2,brenden bates,,1,curve,,False,False,0,True,True,0,1,,,0.0,0
492,Jordan Whittington,WR,199,LA,25.0,62.0,4.13,-74.8,1,,29,2,jordan whittington,,1,curve,,False,False,0,False,True,0,1,,,0.0,0
493,Noah Gray,TE,92,KC,27.0,62.4,4.16,-51.2,1,,46,3,noah gray,,1,curve,,False,False,0,False,True,0,1,,,0.0,0
494,Davis Allen,TE,93,LA,25.0,63.0,4.2,-50.6,1,Questionable,29,3,davis allen,,1,curve,,False,False,0,False,True,0,1,,,0.0,0
495,Nikola Kalinic,TE,94,CHI,29.0,63.2,4.21,-50.4,1,,2,1,nikola kalinic,,1,curve,,False,False,0,True,True,0,1,,,0.0,0
496,Luke Musgrave,TE,95,GB,25.0,63.3,4.22,-50.3,1,PUP,31,3,luke musgrave,,1,curve,,False,False,0,False,True,0,1,,,0.0,0
497,Brycen Tremayne,WR,200,CAR,26.0,58.2,3.88,-78.6,1,,17,2,brycen tremayne,,1,curve,,False,False,0,True,True,0,1,,,0.0,0
498,Tom Kennedy,WR,201,DET,30.0,58.2,3.88,-78.6,1,,9,2,tom kennedy,,1,curve,,False,False,0,True,True,0,1,,,0.0,0
499,Hunter Long,TE,96,JAX,27.0,58.4,3.89,-55.2,1,,19,3,hunter long,,1,curve,,False,False,0,True,True,0,1,,,0.0,0
500,Cam Grandy,TE,97,CIN,26.0,59.0,3.93,-54.6,1,,6,2,cam grandy,,1,curve,,False,False,0,True,True,0,1,,,0.0,0
501,Dante Pettis,WR,202,NO,30.0,59.1,3.94,-77.7,1,,16,2,dante pettis,,1,curve,,False,False,0,True,True,0,1,,,0.0,0
502,Foster Moreau,TE,98,NO,29.0,59.1,3.94,-54.5,1,,36,3,foster moreau,,1,curve,,False,False,0,False,True,0,1,,,0.0,0
503,Jalen Brooks,WR,203,ARI,26.0,59.1,3.94,-77.7,1,,20,3,jalen brooks,,1,curve,,False,False,0,True,True,0,1,,,0.0,0
504,Raheem Mostert,RB,132,LV,33.0,59.2,4.08,-76.1,1,Questionable,40,3,raheem mostert,,1,curve,,False,False,0,False,True,0,1,,,0.0,0
505,Scott Miller,WR,204,PIT,,59.2,3.95,-77.6,1,,22,3,scott miller,,1,curve,,False,False,0,True,True,0,1,,,0.0,0
506,Ke'Shawn Williams,WR,205,CIN,24.0,59.4,3.96,-77.4,1,,11,1,keshawn williams,,1,curve,,False,False,0,True,True,0,1,,,0.0,0
507,Teagan Quitoriano,TE,99,ATL,26.0,59.4,3.96,-54.2,1,,5,2,teagan quitoriano,,1,curve,,False,False,0,True,True,0,1,,,0.0,0
508,Anthony Firkser,TE,100,DET,,59.7,3.98,-53.9,1,,6,2,anthony firkser,,1,curve,,False,False,0,True,True,0,1,,,0.0,0
509,Gage Larvadain,WR,206,CLE,24.0,59.8,3.99,-77.0,1,,13,1,gage larvadain,,1,curve,,False,False,0,True,True,0,1,,,0.0,0
510,Trey Sermon,RB,133,PIT,27.0,59.9,4.13,-75.4,1,,26,3,trey sermon,,1,curve,,False,False,0,True,True,0,1,,,0.0,0
511,Brock Wright,TE,101,DET,27.0,60.2,4.01,-53.4,1,,28,3,brock wright,,1,curve,,False,False,0,False,True,0,1,,,0.0,0
512,Parris Campbell,WR,207,DAL,28.0,60.3,4.02,-76.5,1,,15,3,parris campbell,,1,curve,,False,False,0,True,True,0,1,,,0.0,0
513,Cedrick Wilson Jr.,WR,208,MIA,30.0,54.4,3.63,-82.4,1,,30,3,cedrick wilson,,1,curve,,False,False,0,False,True,0,1,,,0.0,0
514,Grant Calcaterra,TE,102,PHI,27.0,54.4,3.63,-59.2,1,,27,3,grant calcaterra,,1,curve,,False,False,0,True,True,0,1,,,0.0,0
515,Will Shipley,RB,134,PHI,23.0,54.5,3.76,-80.8,1,,27,2,will shipley,,1,curve,,False,False,0,True,True,0,1,,,0.0,0
516,Jalin Hyatt,WR,209,NYG,24.0,55.2,3.68,-81.6,1,Questionable,29,3,jalin hyatt,,1,curve,,False,False,0,False,True,0,1,,,0.0,0
517,Hunter Luepke,RB,135,DAL,,55.2,3.81,-80.1,1,,38,3,hunter luepke,,1,curve,,False,False,0,False,True,0,1,,,0.0,0
518,Patrick Ricard,RB,136,BAL,,55.4,3.82,-79.9,1,,21,3,patrick ricard,,1,curve,,False,False,0,True,True,0,1,,,0.0,0
519,Josh Whyle,TE,103,GB,26.0,55.8,3.72,-57.8,1,,30,3,josh whyle,,1,curve,,False,False,0,False,True,0,1,,,0.0,0
520,River Cracraft,WR,210,WAS,31.0,56.0,3.73,-80.8,1,,13,3,river cracraft,,1,curve,,False,False,0,True,True,0,1,,,0.0,0
521,Sione Vaki,RB,137,DET,25.0,56.6,3.9,-78.7,1,Questionable,17,2,sione vaki,,1,curve,,False,False,0,True,True,0,1,,,0.0,0
522,Elijah Higgins,TE,104,ARI,25.0,56.6,3.77,-57.0,1,,43,3,elijah higgins,,1,curve,,False,False,0,False,True,0,1,,,0.0,0
523,Justin Shorter,TE,105,LV,,56.7,3.78,-56.9,1,,4,2,justin shorter,,1,curve,,False,False,0,True,True,0,1,,,0.0,0
524,Giovanni Ricci,TE,106,DET,,56.8,3.79,-56.8,1,,4,2,giovanni ricci,,1,curve,,False,False,0,True,True,0,1,,,0.0,0
525,Hassan Haskins,RB,138,LAC,26.0,57.3,3.95,-78.0,1,,23,2,hassan haskins,,1,curve,,False,False,0,True,True,0,1,,,0.0,0
526,Ronnie Rivers,RB,139,LA,27.0,57.3,3.95,-78.0,1,,21,3,ronnie rivers,,1,curve,,False,False,0,True,True,0,1,,,0.0,0
527,DJ Turner,WR,211,LV,29.0,57.3,3.82,-79.5,1,Questionable,20,3,dj turner,,1,curve,,False,False,0,True,True,0,1,,,0.0,0
528,Chris Brooks,RB,140,GB,26.0,57.7,3.98,-77.6,1,,31,3,chris brooks,,1,curve,,False,False,0,False,True,0,1,,,0.0,0
529,Adam Trautman,TE,107,DEN,29.0,50.7,3.38,-62.9,1,,42,3,adam trautman,,1,curve,,False,False,0,False,True,0,1,,,0.0,0
530,Lucas Krull,TE,108,DEN,28.0,50.8,3.39,-62.8,1,,19,3,lucas krull,,1,curve,,False,False,0,True,True,0,1,,,0.0,0
531,Simi Fehoko,WR,212,ARI,28.0,51.0,3.4,-85.8,1,,15,3,simi fehoko,,1,curve,,False,False,0,True,True,0,1,,,0.0,0
532,LaJohntay Wester,WR,213,BAL,24.0,51.2,3.41,-85.6,1,,14,1,lajohntay wester,,1,curve,,False,False,0,True,True,0,1,,,0.0,0
533,Kameron Johnson,WR,214,TB,24.0,51.3,3.42,-85.5,1,,21,2,kameron johnson,,1,curve,,False,False,0,True,True,0,1,,,0.0,0
534,Mecole Hardman,WR,215,BUF,28.0,51.4,3.43,-85.4,1,,21,3,mecole hardman,,1,curve,,False,False,0,True,True,0,1,,,0.0,0
535,Laquon Treadwell,WR,216,IND,31.0,52.0,3.47,-84.8,1,Questionable,9,2,laquon treadwell,,1,curve,,False,False,0,True,True,0,1,,,0.0,0
536,Xavier Smith,WR,217,LA,28.0,52.2,3.48,-84.6,1,,30,2,xavier smith,,1,curve,,False,False,0,False,True,0,1,,,0.0,0
537,Chase Edmonds,RB,141,WAS,29.0,52.8,3.64,-82.5,1,,16,2,chase edmonds,,1,curve,,False,False,0,True,True,0,1,,,0.0,0
538,Jonathan Mingo,WR,218,DAL,25.0,53.2,3.55,-83.6,1,,34,3,jonathan mingo,,1,curve,,False,False,0,False,True,0,1,,,0.0,0
539,Ben Sims,TE,109,MIN,26.0,53.2,3.55,-60.4,1,Questionable,13,3,ben sims,,1,curve,,False,False,0,True,True,0,1,,,0.0,0
540,Kene Nwangwu,RB,142,NYJ,28.0,53.6,3.7,-81.7,1,,20,3,kene nwangwu,,1,curve,,False,False,0,True,True,0,1,,,0.0,0
541,John FitzPatrick,TE,110,GB,25.0,53.8,3.59,-59.8,1,Questionable,15,3,john fitzpatrick,,1,curve,,False,False,0,True,True,0,1,,,0.0,0
542,Cade Stover,TE,111,HOU,26.0,53.8,3.59,-59.8,1,,20,2,cade stover,,1,curve,,False,False,0,True,True,0,1,,,0.0,0
543,Tyler Goodson,RB,143,IND,25.0,54.1,3.73,-81.2,1,,30,3,tyler goodson,,1,curve,,False,False,0,False,True,0,1,,,0.0,0
544,Tip Reiman,TE,112,ARI,24.0,54.2,3.61,-59.4,1,PUP,11,2,tip reiman,,1,curve,,False,False,0,True,True,0,1,,,0.0,0
545,Trayveon Williams,RB,144,CLE,28.0,46.4,3.2,-88.9,1,,27,3,trayveon williams,,1,curve,,False,False,0,True,True,0,1,,,0.0,0
546,Ameer Abdullah,RB,145,IND,33.0,46.5,3.21,-88.8,1,,44,3,ameer abdullah,,1,curve,,False,False,0,False,True,0,1,,,0.0,0
547,Eric Gray,RB,146,NYG,26.0,46.8,3.23,-88.5,1,,25,3,eric gray,,1,curve,,False,False,0,True,True,0,1,,,0.0,0
548,Tim Jones,WR,219,JAX,28.0,46.9,3.13,-89.9,1,,20,3,tim jones,,1,curve,,False,False,0,True,True,0,1,,,0.0,0
549,Ashton Dulin,WR,220,IND,29.0,47.1,3.14,-89.7,1,,25,2,ashton dulin,,1,curve,,False,False,0,True,True,0,1,,,0.0,0
550,Jake Bobo,WR,221,SEA,28.0,47.4,3.16,-89.4,1,,31,3,jake bobo,,1,curve,,False,False,0,False,True,0,1,,,0.0,0
551,Will Mallory,TE,113,IND,27.0,47.6,3.17,-66.0,1,,19,3,will mallory,,1,curve,,False,False,0,True,True,0,1,,,0.0,0
552,Jeremy Ruckert,TE,114,NYJ,26.0,48.0,3.2,-65.6,1,,38,3,jeremy ruckert,,1,curve,,False,False,0,False,True,0,1,,,0.0,0
553,Mason Kinsey,WR,222,TEN,27.0,48.2,3.21,-88.6,1,,18,3,mason kinsey,,1,curve,,False,False,0,True,True,0,1,,,0.0,0
554,Tylan Wallace,WR,223,BAL,27.0,48.3,3.22,-88.5,1,,29,3,tylan wallace,,1,curve,,False,False,0,False,True,0,1,,,0.0,0
555,Gunner Olszewski,WR,224,NYG,,48.4,3.23,-88.4,1,,28,2,gunner olszewski,,1,curve,,False,False,0,False,True,0,1,,,0.0,0
556,Dareke Young,WR,225,SEA,27.0,48.8,3.25,-88.0,1,,16,3,dareke young,,1,curve,,False,False,0,True,True,0,1,,,0.0,0
557,Stone Smartt,TE,115,NYJ,27.0,49.4,3.29,-64.2,1,,27,3,stone smartt,,1,curve,,False,False,0,True,True,0,1,,,0.0,0
558,Tanner Conner,TE,116,MIA,28.0,49.8,3.32,-63.8,1,,12,2,tanner conner,,1,curve,,False,False,0,True,True,0,1,,,0.0,0
559,Nate Adkins,TE,117,DEN,27.0,50.1,3.34,-63.5,1,,26,3,nate adkins,,1,curve,,False,False,0,True,True,0,1,,,0.0,0
560,Charlie Kolar,TE,118,BAL,27.0,50.2,3.35,-63.4,1,,32,3,charlie kolar,,1,curve,,False,False,0,False,True,0,1,,,0.0,0
561,Ian Thomas,TE,119,LV,30.0,43.2,2.88,-70.4,1,,20,3,ian thomas,,1,curve,,False,False,0,True,True,0,1,,,0.0,0
562,Steven Sims,WR,226,ARI,28.0,43.4,2.89,-93.4,1,,15,3,steven sims,,1,curve,,False,False,0,True,True,0,1,,,0.0,0
563,D'Ernest Johnson,RB,147,NE,29.0,43.8,3.02,-91.5,1,,33,3,dernest johnson,,1,curve,,False,False,0,False,True,0,1,,,0.0,0
564,Alex Bachman,WR,227,LV,29.0,43.8,2.92,-93.0,1,,16,2,alex bachman,,1,curve,,False,False,0,True,True,0,1,,,0.0,0
565,Myles Price,WR,228,MIN,24.0,44.0,2.93,-92.8,1,,16,1,myles price,,1,curve,,False,False,0,True,True,0,1,,,0.0,0
566,Dee Eskridge,WR,229,MIA,28.0,44.0,2.93,-92.8,1,,20,3,dee eskridge,,1,curve,,False,False,0,True,True,0,1,,,0.0,0
567,Julius Chestnut,RB,148,TEN,25.0,44.1,3.04,-91.2,1,,29,3,julius chestnut,,1,curve,,False,False,0,False,True,0,1,,,0.0,0
568,Nikko Remigio,WR,230,KC,26.0,44.2,2.95,-92.6,1,,19,2,nikko remigio,,1,curve,,False,False,0,True,True,0,1,,,0.0,0
569,Cameron Latu,TE,120,PHI,26.0,44.6,2.97,-69.0,1,,10,1,cameron latu,,1,curve,,False,False,0,True,True,0,1,,,0.0,0
570,David Martin-Robinson,TE,121,TEN,26.0,44.8,2.99,-68.8,1,,15,2,david martin robinson,,1,curve,,False,False,0,True,True,0,1,,,0.0,0
571,Craig Reynolds,RB,149,DET,29.0,45.2,3.12,-90.1,1,Questionable,25,3,craig reynolds,,1,curve,,False,False,0,True,True,0,1,,,0.0,0
572,Tucker Fisk,TE,122,LAC,27.0,45.2,3.01,-68.4,1,,13,3,tucker fisk,,1,curve,,False,False,0,True,True,0,1,,,0.0,0
573,Luke Schoonmaker,TE,123,DAL,27.0,45.3,3.02,-68.3,1,,38,3,luke schoonmaker,,1,curve,,False,False,0,False,True,0,1,,,0.0,0
574,Anthony Gould,WR,231,IND,25.0,45.4,3.03,-91.4,1,,19,2,anthony gould,,1,curve,,False,False,0,True,True,0,1,,,0.0,0
575,Braxton Berrios,WR,232,HOU,30.0,45.6,3.04,-91.2,1,,26,3,braxton berrios,,1,curve,,False,False,0,True,True,0,1,,,0.0,0
576,Avery Williams,RB,150,NYJ,27.0,46.1,3.18,-89.2,1,,18,2,avery williams,,1,curve,,False,False,0,True,True,0,1,,,0.0,0
577,Skyy Moore,WR,233,SF,25.0,42.9,2.86,-93.9,1,,33,3,skyy moore,,1,curve,,False,False,0,False,True,0,1,,,0.0,0
578,Jamal Agnew,WR,234,ATL,30.0,34.8,2.32,-102.0,1,Questionable,22,2,jamal agnew,,1,curve,,False,False,0,True,True,0,1,,,0.0,0
579,Kylen Granson,TE,124,PHI,28.0,35.0,2.33,-78.6,1,,43,3,kylen granson,,1,curve,,False,False,0,False,True,0,1,,,0.0,0
580,Britain Covey,WR,235,PHI,29.0,35.6,2.37,-101.2,1,Questionable,26,3,britain covey,,1,curve,,False,False,0,True,True,0,1,,,0.0,0
581,Ko Kieft,TE,125,TB,28.0,35.7,2.38,-77.9,1,,15,3,ko kieft,,1,curve,,False,False,0,True,True,0,1,,,0.0,0
582,Geno Smith,QB,72,LV,35.0,160.0,10.32,-96.2,1,,47,3,geno smith,,1,curve,,False,False,0,False,True,0,1,,,0.0,0
583,Brett Rypien,QB,73,CIN,29.0,161.2,10.4,-95.0,1,,3,2,brett rypien,,1,curve,,False,False,0,True,True,0,1,,,0.0,0
584,Brady Cook,QB,74,NYJ,24.0,161.5,10.42,-94.7,1,,5,1,brady cook,,1,curve,,False,False,0,True,True,0,1,,,0.0,0
585,Dillon Gabriel,QB,75,CLE,25.0,164.0,10.58,-92.2,1,,10,1,dillon gabriel,,1,curve,,False,False,0,True,True,0,1,,,0.0,0
586,Cam Ward,QB,76,TEN,24.0,166.5,10.74,-89.7,3,,17,1,cam ward,179.9,3,yahoo,,False,True,0,True,False,0,3,,,0.0,0
587,Jake Browning,QB,77,CIN,30.0,166.9,10.77,-89.3,1,Questionable,16,3,jake browning,,1,curve,,False,False,0,True,True,0,1,,,0.0,0
588,Davis Mills,QB,78,HOU,27.0,167.1,10.78,-89.1,1,,15,3,davis mills,,1,curve,,False,False,0,True,True,0,1,,,0.0,0
589,Tyler Huntley,QB,79,BAL,28.0,167.2,10.79,-89.0,1,,15,3,tyler huntley,,1,curve,,False,False,0,True,True,0,1,,,0.0,0
590,Russell Wilson,QB,80,NYG,37.0,167.6,10.81,-88.6,1,,32,3,russell wilson,,1,curve,,False,False,0,False,True,0,1,,,0.0,0
591,Aaron Rodgers,QB,81,PIT,42.0,168.8,10.89,-87.4,1,,34,3,aaron rodgers,,1,curve,,False,False,0,False,True,0,1,25.0,30.0,0.0,0
592,DeAndre Carter,WR,236,CLE,32.0,26.1,1.74,-110.7,1,,34,3,deandre carter,,1,curve,,False,False,0,False,True,0,1,,,0.0,0
593,Brevyn Spann-Ford,TE,126,DAL,26.0,39.6,2.64,-74.0,1,,27,2,brevyn spann ford,,1,curve,,False,False,0,True,True,0,1,,,0.0,0
594,Colson Yankoff,TE,127,WAS,26.0,40.0,2.67,-73.6,1,,14,2,colson yankoff,,1,curve,,False,False,0,True,True,0,1,,,0.0,0
595,Blake Whiteheart,TE,128,CLE,26.0,40.4,2.69,-73.2,1,,16,2,blake whiteheart,,1,curve,,False,False,0,True,True,0,1,,,0.0,0
596,Jack Stoll,TE,129,NO,28.0,40.6,2.71,-73.0,1,,20,3,jack stoll,,1,curve,,False,False,0,True,True,0,1,,,0.0,0
597,Brayden Willis,TE,130,SF,26.0,40.8,2.72,-72.8,1,,12,3,brayden willis,,1,curve,,False,False,0,True,True,0,1,,,0.0,0
598,Trent Sherfield,WR,237,ARI,30.0,41.2,2.75,-95.6,1,,28,3,trent sherfield,,1,curve,,False,False,0,False,True,0,1,,,0.0,0
599,Mo Alie-Cox,TE,131,IND,32.0,41.7,2.78,-71.9,1,,37,3,mo alie cox,,1,curve,,False,False,0,False,True,0,1,,,0.0,0
600,Quintin Morris,TE,132,JAX,27.0,41.8,2.79,-71.8,1,,23,3,quintin morris,,1,curve,,False,False,0,True,True,0,1,,,0.0,0
601,Ross Dwelley,TE,133,DET,30.0,41.8,2.79,-71.8,1,,10,3,ross dwelley,,1,curve,,False,False,0,True,True,0,1,,,0.0,0
602,Dylan Laube,RB,151,LV,26.0,42.3,2.92,-93.0,1,,23,2,dylan laube,,1,curve,,False,False,0,True,True,0,1,,,0.0,0
603,Velus Jones Jr.,WR,238,SEA,29.0,42.4,2.83,-94.4,1,,20,3,velus jones,,1,curve,,False,False,0,True,True,0,1,,,0.0,0
604,Deven Thompkins,WR,239,ATL,26.0,42.6,2.84,-94.2,1,,29,3,deven thompkins,,1,curve,,False,False,0,False,True,0,1,,,0.0,0
605,Payne Durham,TE,134,TB,26.0,42.9,2.86,-70.7,1,,22,3,payne durham,,1,curve,,False,False,0,True,True,0,1,,,0.0,0
606,Drew Sample,TE,135,CIN,30.0,42.9,2.86,-70.7,1,,37,3,drew sample,,1,curve,,False,False,0,False,True,0,1,,,0.0,0
607,Austin Trammell,WR,240,JAX,28.0,42.9,2.86,-93.9,1,,22,3,austin trammell,,1,curve,,False,False,0,True,True,0,1,,,0.0,0
608,Marcedes Lewis,TE,136,DEN,41.0,28.5,1.9,-85.1,1,,12,3,marcedes lewis,,1,curve,,False,False,0,True,True,0,1,,,0.0,0
